customerid,kmeans_segment,cltv_segment,cltv_6m,churn_proba,based_on_product,recommended_product,support,confidence,lift
11003,Bike Buyers,A,1020.7032125172408,0.9922256818560625,Water Bottle - 30 oz.,Road Bottle Cage,0.06421404682274247,0.6387832699619771,8.784319211763588
11006,Bike Buyers,A,1039.9094464827049,0.9881066941235516,Water Bottle - 30 oz.,Road Bottle Cage,0.06421404682274247,0.6387832699619771,8.784319211763588
11007,Bike Buyers,A,1038.8821209085268,0.9896035469693233,HL Mountain Tire,Patch Kit/8 Patches,0.006020066889632107,0.27391304347826084,7.445454545454544
11008,Bike Buyers,A,1039.1346984263755,0.9745383249022084,Water Bottle - 30 oz.,Road Bottle Cage,0.06421404682274247,0.6387832699619771,8.784319211763588
11010,Bike Buyers,A,1027.5018937606876,0.9930542860317425,AWC Logo Cap,Water Bottle - 30 oz.,0.015097945532728141,0.2936802973977695,2.9214489660338954
11054,Bike Buyers,A,1061.9449788844286,0.9909726243508595,Hydration Pack - 70 oz.,Water Bottle - 30 oz.,0.005924510272336359,0.4,3.979087452471483
11055,Bike Buyers,A,1052.2300512355791,0.9971615317314937,Water Bottle - 30 oz.,Mountain Bottle Cage,0.0358337314859054,0.3564638783269962,8.21672794425554
11055,Bike Buyers,A,1052.2300512355791,0.9971615317314937,HL Mountain Tire,Patch Kit/8 Patches,0.006020066889632107,0.27391304347826084,7.445454545454544
11056,Bike Buyers,A,1080.5255081090418,0.9964743020725894,Water Bottle - 30 oz.,Road Bottle Cage,0.06421404682274247,0.6387832699619771,8.784319211763588
11058,Bike Buyers,A,1096.03683000426,0.9970644380787546,Hydration Pack - 70 oz.,Water Bottle - 30 oz.,0.005924510272336359,0.4,3.979087452471483
11060,Bike Buyers,A,1092.732247535191,0.9967265757545148,Water Bottle - 30 oz.,Mountain Bottle Cage,0.0358337314859054,0.3564638783269962,8.21672794425554
11061,Bike Buyers,A,1083.9269835140412,0.9981762438609854,Water Bottle - 30 oz.,Road Bottle Cage,0.06421404682274247,0.6387832699619771,8.784319211763588
11072,Bike Buyers,A,1109.6679172225308,0.9962124897547566,Water Bottle - 30 oz.,Mountain Bottle Cage,0.0358337314859054,0.3564638783269962,8.21672794425554
11075,Bike Buyers,A,1119.8512108651003,0.9831217247864674,Water Bottle - 30 oz.,Mountain Bottle Cage,0.0358337314859054,0.3564638783269962,8.21672794425554
11076,Bike Buyers,A,1125.4635994871874,0.995481761662819,Hydration Pack - 70 oz.,Water Bottle - 30 oz.,0.005924510272336359,0.4,3.979087452471483
11077,Bike Buyers,A,1120.8911710226944,0.9964360661730497,Hydration Pack - 70 oz.,Water Bottle - 30 oz.,0.005924510272336359,0.4,3.979087452471483
11080,Bike Buyers,A,1120.7583344256882,0.9887532109982394,HL Mountain Tire,Patch Kit/8 Patches,0.006020066889632107,0.27391304347826084,7.445454545454544
11092,Bike Buyers,A,1105.9857120246318,0.9955025788686999,Road Bottle Cage,Water Bottle - 30 oz.,0.06421404682274247,0.8830486202365307,8.784319211763588
11095,Bike Buyers,A,1105.756967634243,0.9941719543988907,Water Bottle - 30 oz.,Road Bottle Cage,0.06421404682274247,0.6387832699619771,8.784319211763588
11097,Bike Buyers,A,1100.6372544222265,0.9978562398595157,Mountain Bottle Cage,Water Bottle - 30 oz.,0.0358337314859054,0.8259911894273128,8.21672794425554
11101,Bike Buyers,A,1147.8538799221878,0.9916483298913624,Water Bottle - 30 oz.,Mountain Bottle Cage,0.0358337314859054,0.3564638783269962,8.21672794425554
11103,Bike Buyers,A,1122.7384363080494,0.9955307612125063,Water Bottle - 30 oz.,Road Bottle Cage,0.06421404682274247,0.6387832699619771,8.784319211763588
11104,Bike Buyers,A,1140.5090438011066,0.9959497221969171,HL Mountain Tire,Patch Kit/8 Patches,0.006020066889632107,0.27391304347826084,7.445454545454544
11105,Bike Buyers,A,1139.9664740068204,0.9913886229172229,Road Bottle Cage,Water Bottle - 30 oz.,0.06421404682274247,0.8830486202365307,8.784319211763588
11108,Bike Buyers,A,1132.6626584629485,0.9896349353729671,HL Mountain Tire,Mountain Tire Tube,0.015002388915432393,0.6826086956521739,32.177927927927925
11108,Bike Buyers,A,1132.6626584629485,0.9896349353729671,HL Mountain Tire,Patch Kit/8 Patches,0.006020066889632107,0.27391304347826084,7.445454545454544
11109,Bike Buyers,A,1156.7597292124965,0.9806197632028137,HL Mountain Tire,Patch Kit/8 Patches,0.006020066889632107,0.27391304347826084,7.445454545454544
11109,Bike Buyers,A,1156.7597292124965,0.9806197632028137,AWC Logo Cap,Water Bottle - 30 oz.,0.015097945532728141,0.2936802973977695,2.9214489660338954
11117,Bike Buyers,A,1144.2251998565634,0.9901095076101978,Water Bottle - 30 oz.,Road Bottle Cage,0.06421404682274247,0.6387832699619771,8.784319211763588
11124,Bike Buyers,A,1135.3870478088738,0.9957034972237665,Water Bottle - 30 oz.,Road Bottle Cage,0.06421404682274247,0.6387832699619771,8.784319211763588
11189,Bike Buyers,A,977.5513805798828,0.82838400864331,HL Mountain Tire,Patch Kit/8 Patches,0.006020066889632107,0.27391304347826084,7.445454545454544
11216,Bike Buyers,A,967.603877152894,0.777575383969555,HL Mountain Tire,Patch Kit/8 Patches,0.006020066889632107,0.27391304347826084,7.445454545454544
11217,Bike Buyers,A,963.6679506708889,0.8052758186188304,Hydration Pack - 70 oz.,Water Bottle - 30 oz.,0.005924510272336359,0.4,3.979087452471483
11227,Bike Buyers,A,950.1844093604026,0.7264718194810171,Water Bottle - 30 oz.,Road Bottle Cage,0.06421404682274247,0.6387832699619771,8.784319211763588
11238,Bike Buyers,A,951.6924019405305,0.9361008674844815,Water Bottle - 30 oz.,Mountain Bottle Cage,0.0358337314859054,0.3564638783269962,8.21672794425554
11239,Bike Buyers,A,957.8348123350145,0.8240250471625286,Road Tire Tube,HL Road Tire,0.00926899187768753,0.3180327868852459,24.117486338797814
11239,Bike Buyers,A,957.8348123350145,0.8240250471625286,Road Tire Tube,ML Road Tire,0.010797897754419493,0.3704918032786885,23.933313094515277
11239,Bike Buyers,A,957.8348123350145,0.8240250471625286,Water Bottle - 30 oz.,Road Bottle Cage,0.06421404682274247,0.6387832699619771,8.784319211763588
11243,Bike Buyers,A,938.9195700160461,0.9331365042747594,HL Mountain Tire,Mountain Tire Tube,0.015002388915432393,0.6826086956521739,32.177927927927925
11243,Bike Buyers,A,938.9195700160461,0.9331365042747594,Water Bottle - 30 oz.,Mountain Bottle Cage,0.0358337314859054,0.3564638783269962,8.21672794425554
11243,Bike Buyers,A,938.9195700160461,0.9331365042747594,HL Mountain Tire,Patch Kit/8 Patches,0.006020066889632107,0.27391304347826084,7.445454545454544
11244,Bike Buyers,A,933.3630762820003,0.9875299190712624,HL Mountain Tire,Mountain Tire Tube,0.015002388915432393,0.6826086956521739,32.177927927927925
11244,Bike Buyers,A,933.3630762820003,0.9875299190712624,Road Tire Tube,HL Road Tire,0.00926899187768753,0.3180327868852459,24.117486338797814
11244,Bike Buyers,A,933.3630762820003,0.9875299190712624,Road Tire Tube,ML Road Tire,0.010797897754419493,0.3704918032786885,23.933313094515277
11266,Bike Buyers,A,988.7196416240289,0.9672722065458759,Water Bottle - 30 oz.,Road Bottle Cage,0.06421404682274247,0.6387832699619771,8.784319211763588
11267,Bike Buyers,A,999.2996270176221,0.9821062885730395,Water Bottle - 30 oz.,Road Bottle Cage,0.06421404682274247,0.6387832699619771,8.784319211763588
11271,Bike Buyers,A,1014.6801067378736,0.9722124262607076,HL Mountain Tire,Patch Kit/8 Patches,0.006020066889632107,0.27391304347826084,7.445454545454544
11272,Bike Buyers,A,1006.72657578637,0.9572506123461314,Hydration Pack - 70 oz.,Water Bottle - 30 oz.,0.005924510272336359,0.4,3.979087452471483
11274,Bike Buyers,A,971.2582247298247,0.7541314224399721,Water Bottle - 30 oz.,Road Bottle Cage,0.06421404682274247,0.6387832699619771,8.784319211763588
11281,Bike Buyers,A,991.5558731734028,0.98100439869918,Water Bottle - 30 oz.,Road Bottle Cage,0.06421404682274247,0.6387832699619771,8.784319211763588
11282,Bike Buyers,A,991.4476530747047,0.6753263208027196,HL Mountain Tire,Patch Kit/8 Patches,0.006020066889632107,0.27391304347826084,7.445454545454544
11286,Bike Buyers,A,1005.2430252869942,0.9759700696870631,AWC Logo Cap,Water Bottle - 30 oz.,0.015097945532728141,0.2936802973977695,2.9214489660338954
11292,Bike Buyers,A,991.733577074092,0.9604044439796985,Water Bottle - 30 oz.,Road Bottle Cage,0.06421404682274247,0.6387832699619771,8.784319211763588
11295,Bike Buyers,A,1026.9922869567213,0.9812268274972887,HL Mountain Tire,Patch Kit/8 Patches,0.006020066889632107,0.27391304347826084,7.445454545454544
11297,Bike Buyers,A,1009.3982975563827,0.985537975738353,HL Mountain Tire,Patch Kit/8 Patches,0.006020066889632107,0.27391304347826084,7.445454545454544
11298,Bike Buyers,A,990.7244197033085,0.9877333002780762,Water Bottle - 30 oz.,Road Bottle Cage,0.06421404682274247,0.6387832699619771,8.784319211763588
11302,Bike Buyers,A,987.3855222469892,0.9686306884866858,HL Mountain Tire,Mountain Tire Tube,0.015002388915432393,0.6826086956521739,32.177927927927925
11302,Bike Buyers,A,987.3855222469892,0.9686306884866858,HL Mountain Tire,Patch Kit/8 Patches,0.006020066889632107,0.27391304347826084,7.445454545454544
11325,Bike Buyers,A,1018.3355977537277,0.9970835409989846,Water Bottle - 30 oz.,Road Bottle Cage,0.06421404682274247,0.6387832699619771,8.784319211763588
11326,Bike Buyers,A,998.107068149824,0.9820529629506849,HL Mountain Tire,Patch Kit/8 Patches,0.006020066889632107,0.27391304347826084,7.445454545454544
11328,Bike Buyers,A,1540.887296475195,0.9837057629418685,Water Bottle - 30 oz.,Mountain Bottle Cage,0.0358337314859054,0.3564638783269962,8.21672794425554
11334,Bike Buyers,A,1078.9545416745848,0.9994000433842077,Water Bottle - 30 oz.,Road Bottle Cage,0.06421404682274247,0.6387832699619771,8.784319211763588
11336,Bike Buyers,A,1211.0107408755346,0.9116099007251781,Water Bottle - 30 oz.,Road Bottle Cage,0.06421404682274247,0.6387832699619771,8.784319211763588
11340,Bike Buyers,A,1266.0396943478418,0.9580188904687397,Water Bottle - 30 oz.,Road Bottle Cage,0.06421404682274247,0.6387832699619771,8.784319211763588
11341,Bike Buyers,A,1120.098511163702,0.9969676331424768,AWC Logo Cap,Water Bottle - 30 oz.,0.015097945532728141,0.2936802973977695,2.9214489660338954
11343,Bike Buyers,A,1117.3382273819875,0.9931832531156041,Water Bottle - 30 oz.,Mountain Bottle Cage,0.0358337314859054,0.3564638783269962,8.21672794425554
11344,Bike Buyers,A,1142.2871407108692,0.9969255857412289,Water Bottle - 30 oz.,Mountain Bottle Cage,0.0358337314859054,0.3564638783269962,8.21672794425554
11345,Bike Buyers,A,1252.5845548292805,0.9294463626674837,HL Mountain Tire,Mountain Tire Tube,0.015002388915432393,0.6826086956521739,32.177927927927925
11345,Bike Buyers,A,1252.5845548292805,0.9294463626674837,HL Mountain Tire,Patch Kit/8 Patches,0.006020066889632107,0.27391304347826084,7.445454545454544
11346,Bike Buyers,A,1235.9705013111422,0.9630176123416954,HL Mountain Tire,Patch Kit/8 Patches,0.006020066889632107,0.27391304347826084,7.445454545454544
11358,Bike Buyers,A,656.2521965088218,0.8608993066862572,AWC Logo Cap,Water Bottle - 30 oz.,0.015097945532728141,0.2936802973977695,2.9214489660338954
11378,Bike Buyers,A,1250.981866761716,0.9038849960265406,Mountain Bottle Cage,Water Bottle - 30 oz.,0.0358337314859054,0.8259911894273128,8.21672794425554
11380,Bike Buyers,A,1006.2160993495244,0.9302698869223149,Water Bottle - 30 oz.,Road Bottle Cage,0.06421404682274247,0.6387832699619771,8.784319211763588
11388,Bike Buyers,A,1030.3867168762895,0.7332162149775688,Water Bottle - 30 oz.,Road Bottle Cage,0.06421404682274247,0.6387832699619771,8.784319211763588
11400,Bike Buyers,A,1039.3867990470826,0.9645805608676279,Water Bottle - 30 oz.,Road Bottle Cage,0.06421404682274247,0.6387832699619771,8.784319211763588
11401,Bike Buyers,A,1363.4755401291625,0.9279758114619636,"Road-750 Black, 52",Road Bottle Cage,0.006975633062589585,0.39673913043478265,5.455814717477004
11401,Bike Buyers,A,1363.4755401291625,0.9279758114619636,Hydration Pack - 70 oz.,Water Bottle - 30 oz.,0.005924510272336359,0.4,3.979087452471483
11403,Bike Buyers,A,1366.804715949992,0.8827873946030368,LL Road Tire,Road Tire Tube,0.009077878643096034,0.5397727272727272,18.520398658718328
11403,Bike Buyers,A,1366.804715949992,0.8827873946030368,Water Bottle - 30 oz.,Road Bottle Cage,0.06421404682274247,0.6387832699619771,8.784319211763588
11406,Bike Buyers,A,1284.4665349166144,0.9354648738460476,Water Bottle - 30 oz.,Road Bottle Cage,0.06421404682274247,0.6387832699619771,8.784319211763588
11409,Bike Buyers,A,1323.2200940982934,0.9680828263375544,HL Mountain Tire,Patch Kit/8 Patches,0.006020066889632107,0.27391304347826084,7.445454545454544
11410,Bike Buyers,A,1319.6454436328943,0.9630109416243554,HL Mountain Tire,Mountain Tire Tube,0.015002388915432393,0.6826086956521739,32.177927927927925
11410,Bike Buyers,A,1319.6454436328943,0.9630109416243554,HL Mountain Tire,Patch Kit/8 Patches,0.006020066889632107,0.27391304347826084,7.445454545454544
11416,Bike Buyers,A,1362.0066785265778,0.887507906440456,Road Bottle Cage,Water Bottle - 30 oz.,0.06421404682274247,0.8830486202365307,8.784319211763588
11417,Bike Buyers,A,1403.4139735112371,0.7956176549633557,Mountain Bottle Cage,Water Bottle - 30 oz.,0.0358337314859054,0.8259911894273128,8.21672794425554
11445,Bike Buyers,A,1164.4390295375058,0.991374887361293,Road Bottle Cage,Water Bottle - 30 oz.,0.06421404682274247,0.8830486202365307,8.784319211763588
11446,Bike Buyers,A,1197.6664883666253,0.994385328415489,AWC Logo Cap,Water Bottle - 30 oz.,0.015097945532728141,0.2936802973977695,2.9214489660338954
11447,Bike Buyers,A,1185.6175655135785,0.98772045732213,Water Bottle - 30 oz.,Road Bottle Cage,0.06421404682274247,0.6387832699619771,8.784319211763588
11448,Bike Buyers,A,1180.2063514893186,0.9950401331833227,Water Bottle - 30 oz.,Road Bottle Cage,0.06421404682274247,0.6387832699619771,8.784319211763588
11449,Bike Buyers,A,1183.265303861199,0.9926728283936505,AWC Logo Cap,Water Bottle - 30 oz.,0.015097945532728141,0.2936802973977695,2.9214489660338954
11451,Bike Buyers,A,1247.1633108733201,0.9915441120384649,Water Bottle - 30 oz.,Road Bottle Cage,0.06421404682274247,0.6387832699619771,8.784319211763588
11452,Bike Buyers,A,1215.9019691304495,0.9910459644217449,AWC Logo Cap,Water Bottle - 30 oz.,0.015097945532728141,0.2936802973977695,2.9214489660338954
11453,Bike Buyers,A,1219.6511129558512,0.9941529797706903,Hydration Pack - 70 oz.,Water Bottle - 30 oz.,0.005924510272336359,0.4,3.979087452471483
11455,Bike Buyers,A,1198.3914357500998,0.9918417290148074,AWC Logo Cap,Water Bottle - 30 oz.,0.015097945532728141,0.2936802973977695,2.9214489660338954
11464,Bike Buyers,A,1220.5987521156262,0.9925023309697557,Water Bottle - 30 oz.,Road Bottle Cage,0.06421404682274247,0.6387832699619771,8.784319211763588
11479,Bike Buyers,A,1445.4713595129585,0.6059118638794831,Water Bottle - 30 oz.,Mountain Bottle Cage,0.0358337314859054,0.3564638783269962,8.21672794425554
11481,Bike Buyers,A,914.1636447174789,0.9907863255272146,Water Bottle - 30 oz.,Mountain Bottle Cage,0.0358337314859054,0.3564638783269962,8.21672794425554
11483,Bike Buyers,A,1491.5188290913534,0.8772919304967398,"Road-750 Black, 44",Road Bottle Cage,0.007453416149068323,0.42857142857142855,5.893561103810775
11483,Bike Buyers,A,1491.5188290913534,0.8772919304967398,"Road-750 Black, 44",Water Bottle - 30 oz.,0.0061156235069278544,0.3516483516483516,3.498098859315589
11484,Bike Buyers,A,889.3323595452026,0.9916233175183242,HL Mountain Tire,Mountain Tire Tube,0.015002388915432393,0.6826086956521739,32.177927927927925
11484,Bike Buyers,A,889.3323595452026,0.9916233175183242,Road Bottle Cage,Water Bottle - 30 oz.,0.06421404682274247,0.8830486202365307,8.784319211763588
11484,Bike Buyers,A,889.3323595452026,0.9916233175183242,HL Mountain Tire,Patch Kit/8 Patches,0.006020066889632107,0.27391304347826084,7.445454545454544
11522,Bike Buyers,A,976.1371373755219,0.8733367336380181,Water Bottle - 30 oz.,Road Bottle Cage,0.06421404682274247,0.6387832699619771,8.784319211763588
11525,Bike Buyers,A,986.9469791893641,0.9691160693605615,HL Mountain Tire,Mountain Tire Tube,0.015002388915432393,0.6826086956521739,32.177927927927925
11528,Bike Buyers,A,996.9882776542357,0.9846669443168466,Water Bottle - 30 oz.,Road Bottle Cage,0.06421404682274247,0.6387832699619771,8.784319211763588
11529,Bike Buyers,A,1006.6445738963191,0.9822568340138044,Water Bottle - 30 oz.,Road Bottle Cage,0.06421404682274247,0.6387832699619771,8.784319211763588
11535,Bike Buyers,A,980.2813621952091,0.7458349108436714,Water Bottle - 30 oz.,Road Bottle Cage,0.06421404682274247,0.6387832699619771,8.784319211763588
11539,Bike Buyers,A,1014.6579268735636,0.9836146680681507,HL Mountain Tire,Patch Kit/8 Patches,0.006020066889632107,0.27391304347826084,7.445454545454544
11540,Bike Buyers,A,997.7441142845571,0.9277672213308751,Hydration Pack - 70 oz.,Water Bottle - 30 oz.,0.005924510272336359,0.4,3.979087452471483
11541,Bike Buyers,A,999.2494841234391,0.9454296337339275,HL Mountain Tire,Patch Kit/8 Patches,0.006020066889632107,0.27391304347826084,7.445454545454544
11546,Bike Buyers,A,1365.0048690579724,0.9715103708807101,Water Bottle - 30 oz.,Road Bottle Cage,0.06421404682274247,0.6387832699619771,8.784319211763588
11547,Bike Buyers,A,1503.199359561448,0.908218194634851,"Road-750 Black, 48",Road Bottle Cage,0.005924510272336359,0.3263157894736842,4.487378103603292
11547,Bike Buyers,A,1503.199359561448,0.908218194634851,"Road-750 Black, 48",Water Bottle - 30 oz.,0.005160057333970377,0.28421052631578947,2.827246347808685
11572,Bike Buyers,A,1379.8536039009405,0.9345402369679024,Water Bottle - 30 oz.,Road Bottle Cage,0.06421404682274247,0.6387832699619771,8.784319211763588
11578,Bike Buyers,A,1341.0447930457826,0.9296132674148075,Water Bottle - 30 oz.,Road Bottle Cage,0.06421404682274247,0.6387832699619771,8.784319211763588
11583,Bike Buyers,A,1389.821916916498,0.9080550696331122,Water Bottle - 30 oz.,Road Bottle Cage,0.06421404682274247,0.6387832699619771,8.784319211763588
11587,Bike Buyers,A,1381.7693875402117,0.9467626404032671,HL Mountain Tire,Mountain Tire Tube,0.015002388915432393,0.6826086956521739,32.177927927927925
11590,Bike Buyers,A,1339.1987947063872,0.937458951328272,Water Bottle - 30 oz.,Road Bottle Cage,0.06421404682274247,0.6387832699619771,8.784319211763588
11593,Bike Buyers,A,798.8683931584904,0.8616758051478036,Mountain Bottle Cage,Water Bottle - 30 oz.,0.0358337314859054,0.8259911894273128,8.21672794425554
11598,Bike Buyers,A,932.2411178052412,0.6961130818804344,HL Mountain Tire,Mountain Tire Tube,0.015002388915432393,0.6826086956521739,32.177927927927925
11599,Bike Buyers,A,803.507995056284,0.6733264393273843,Water Bottle - 30 oz.,Road Bottle Cage,0.06421404682274247,0.6387832699619771,8.784319211763588
11606,Bike Buyers,A,792.316603299238,0.8562908826221918,Water Bottle - 30 oz.,Road Bottle Cage,0.06421404682274247,0.6387832699619771,8.784319211763588
11607,Bike Buyers,A,798.2342497092013,0.9179961279483598,Water Bottle - 30 oz.,Road Bottle Cage,0.06421404682274247,0.6387832699619771,8.784319211763588
11613,Bike Buyers,A,974.2027164847939,0.6222324064204982,Water Bottle - 30 oz.,Road Bottle Cage,0.06421404682274247,0.6387832699619771,8.784319211763588
11614,Bike Buyers,A,982.814625873214,0.6765883261933267,Water Bottle - 30 oz.,Road Bottle Cage,0.06421404682274247,0.6387832699619771,8.784319211763588
11615,Bike Buyers,A,986.1209441692256,0.9909591718347847,Water Bottle - 30 oz.,Road Bottle Cage,0.06421404682274247,0.6387832699619771,8.784319211763588
11616,Bike Buyers,A,972.7474646300368,0.9887268260927726,Water Bottle - 30 oz.,Road Bottle Cage,0.06421404682274247,0.6387832699619771,8.784319211763588
11617,Bike Buyers,A,990.9412474096318,0.9231751201937812,HL Mountain Tire,Mountain Tire Tube,0.015002388915432393,0.6826086956521739,32.177927927927925
11623,Bike Buyers,A,990.0526491052378,0.9394515022853748,HL Mountain Tire,Patch Kit/8 Patches,0.006020066889632107,0.27391304347826084,7.445454545454544
11625,Bike Buyers,A,1001.4066499133914,0.8797452947220988,HL Mountain Tire,Patch Kit/8 Patches,0.006020066889632107,0.27391304347826084,7.445454545454544
11630,Bike Buyers,A,1001.7078223490166,0.9001298936933335,HL Mountain Tire,Mountain Tire Tube,0.015002388915432393,0.6826086956521739,32.177927927927925
11630,Bike Buyers,A,1001.7078223490166,0.9001298936933335,HL Mountain Tire,Patch Kit/8 Patches,0.006020066889632107,0.27391304347826084,7.445454545454544
11663,Bike Buyers,A,1043.7475149777024,0.9836942418884077,HL Mountain Tire,Patch Kit/8 Patches,0.006020066889632107,0.27391304347826084,7.445454545454544
11664,Bike Buyers,A,1042.6387534821351,0.984742119103867,HL Mountain Tire,Patch Kit/8 Patches,0.006020066889632107,0.27391304347826084,7.445454545454544
11666,Bike Buyers,A,1031.6793365562269,0.9828410016606377,HL Mountain Tire,Patch Kit/8 Patches,0.006020066889632107,0.27391304347826084,7.445454545454544
11683,Bike Buyers,A,1010.0997710541308,0.98131504068563,Water Bottle - 30 oz.,Road Bottle Cage,0.06421404682274247,0.6387832699619771,8.784319211763588
11688,Bike Buyers,A,1018.9048886424792,0.9858936398132158,AWC Logo Cap,Water Bottle - 30 oz.,0.015097945532728141,0.2936802973977695,2.9214489660338954
11707,Bike Buyers,A,1037.3850171844354,0.9979405095497442,Hydration Pack - 70 oz.,Water Bottle - 30 oz.,0.005924510272336359,0.4,3.979087452471483
11727,Bike Buyers,A,1028.6987253449538,0.9541679454818496,Hydration Pack - 70 oz.,Water Bottle - 30 oz.,0.005924510272336359,0.4,3.979087452471483
11739,Bike Buyers,A,1578.926493535896,0.992293239489203,Water Bottle - 30 oz.,Mountain Bottle Cage,0.0358337314859054,0.3564638783269962,8.21672794425554
11739,Bike Buyers,A,1578.926493535896,0.992293239489203,HL Mountain Tire,Patch Kit/8 Patches,0.006020066889632107,0.27391304347826084,7.445454545454544
11745,Bike Buyers,A,1024.142108769259,0.9448379084282712,Water Bottle - 30 oz.,Road Bottle Cage,0.06421404682274247,0.6387832699619771,8.784319211763588
11751,Bike Buyers,A,1217.1715465663635,0.9981448862565057,HL Mountain Tire,Mountain Tire Tube,0.015002388915432393,0.6826086956521739,32.177927927927925
11751,Bike Buyers,A,1217.1715465663635,0.9981448862565057,HL Mountain Tire,Patch Kit/8 Patches,0.006020066889632107,0.27391304347826084,7.445454545454544
11761,Bike Buyers,A,1240.4724670916196,0.9988782554379805,Water Bottle - 30 oz.,Road Bottle Cage,0.06421404682274247,0.6387832699619771,8.784319211763588
11762,Bike Buyers,A,1254.868034339339,0.9967810290952175,Water Bottle - 30 oz.,Road Bottle Cage,0.06421404682274247,0.6387832699619771,8.784319211763588
11764,Bike Buyers,A,1281.1314338884563,0.9973266548493441,Water Bottle - 30 oz.,Road Bottle Cage,0.06421404682274247,0.6387832699619771,8.784319211763588
11766,Bike Buyers,A,1318.3135869839607,0.9975989534369178,Water Bottle - 30 oz.,Mountain Bottle Cage,0.0358337314859054,0.3564638783269962,8.21672794425554
11766,Bike Buyers,A,1318.3135869839607,0.9975989534369178,HL Mountain Tire,Patch Kit/8 Patches,0.006020066889632107,0.27391304347826084,7.445454545454544
11772,Bike Buyers,A,1016.0032551636152,0.9223756377403162,Water Bottle - 30 oz.,Road Bottle Cage,0.06421404682274247,0.6387832699619771,8.784319211763588
11775,Bike Buyers,A,1010.7426788075422,0.9422987623560343,HL Mountain Tire,Patch Kit/8 Patches,0.006020066889632107,0.27391304347826084,7.445454545454544
11777,Bike Buyers,A,1022.7863298279881,0.9686236782475605,Water Bottle - 30 oz.,Road Bottle Cage,0.06421404682274247,0.6387832699619771,8.784319211763588
11780,Bike Buyers,A,1033.8378006134344,0.9730300784400367,HL Mountain Tire,Patch Kit/8 Patches,0.006020066889632107,0.27391304347826084,7.445454545454544
11796,Bike Buyers,A,1038.7244468124663,0.9779587223201829,Water Bottle - 30 oz.,Road Bottle Cage,0.06421404682274247,0.6387832699619771,8.784319211763588
11797,Bike Buyers,A,1032.6664340394339,0.9607708368422271,HL Mountain Tire,Patch Kit/8 Patches,0.006020066889632107,0.27391304347826084,7.445454545454544
11798,Bike Buyers,A,1030.3813242120195,0.9706813777781876,Hydration Pack - 70 oz.,Water Bottle - 30 oz.,0.005924510272336359,0.4,3.979087452471483
11799,Bike Buyers,A,1019.491008444495,0.9775808524670978,Water Bottle - 30 oz.,Road Bottle Cage,0.06421404682274247,0.6387832699619771,8.784319211763588
11809,Bike Buyers,A,1032.727498327166,0.9702797647359569,AWC Logo Cap,Water Bottle - 30 oz.,0.015097945532728141,0.2936802973977695,2.9214489660338954
11810,Bike Buyers,A,1039.288442512546,0.9622943124053869,HL Mountain Tire,Patch Kit/8 Patches,0.006020066889632107,0.27391304347826084,7.445454545454544
11813,Bike Buyers,A,1031.463244732365,0.9594852879735409,Hydration Pack - 70 oz.,Water Bottle - 30 oz.,0.005924510272336359,0.4,3.979087452471483
11815,Bike Buyers,A,1015.665494852978,0.976098016722316,HL Mountain Tire,Patch Kit/8 Patches,0.006020066889632107,0.27391304347826084,7.445454545454544
11837,Bike Buyers,A,1023.0443773784607,0.9845666888339974,Water Bottle - 30 oz.,Road Bottle Cage,0.06421404682274247,0.6387832699619771,8.784319211763588
11854,Bike Buyers,A,1046.8867915942992,0.9696603641950148,Water Bottle - 30 oz.,Road Bottle Cage,0.06421404682274247,0.6387832699619771,8.784319211763588
11854,Bike Buyers,A,1046.8867915942992,0.9696603641950148,HL Mountain Tire,Patch Kit/8 Patches,0.006020066889632107,0.27391304347826084,7.445454545454544
11872,Bike Buyers,A,1036.035340661233,0.9591608107754943,HL Mountain Tire,Patch Kit/8 Patches,0.006020066889632107,0.27391304347826084,7.445454545454544
11873,Bike Buyers,A,1016.6594187644563,0.9639545596871278,Water Bottle - 30 oz.,Road Bottle Cage,0.06421404682274247,0.6387832699619771,8.784319211763588
11892,Bike Buyers,A,1273.1237991027433,0.9842474194538956,Water Bottle - 30 oz.,Road Bottle Cage,0.06421404682274247,0.6387832699619771,8.784319211763588
11894,Bike Buyers,A,1313.189734815299,0.9904460120539853,HL Mountain Tire,Patch Kit/8 Patches,0.006020066889632107,0.27391304347826084,7.445454545454544
11895,Bike Buyers,A,1288.1910136333593,0.9933143046914417,HL Mountain Tire,Mountain Tire Tube,0.015002388915432393,0.6826086956521739,32.177927927927925
11895,Bike Buyers,A,1288.1910136333593,0.9933143046914417,HL Mountain Tire,Patch Kit/8 Patches,0.006020066889632107,0.27391304347826084,7.445454545454544
11896,Bike Buyers,A,1269.1287036822014,0.9966225857780356,Road Bottle Cage,Water Bottle - 30 oz.,0.06421404682274247,0.8830486202365307,8.784319211763588
11898,Bike Buyers,A,1295.5562036194194,0.9941668958324372,HL Mountain Tire,Patch Kit/8 Patches,0.006020066889632107,0.27391304347826084,7.445454545454544
11900,Bike Buyers,A,1317.269003884989,0.9973439994343881,Hydration Pack - 70 oz.,Water Bottle - 30 oz.,0.005924510272336359,0.4,3.979087452471483
11905,Bike Buyers,A,1271.2440267354696,0.996061721155144,Touring Tire,Touring Tire Tube,0.009651218346870521,0.8632478632478633,89.44444444444444
11905,Bike Buyers,A,1271.2440267354696,0.996061721155144,HL Mountain Tire,Patch Kit/8 Patches,0.006020066889632107,0.27391304347826084,7.445454545454544
11906,Bike Buyers,A,1285.8933407753705,0.9965074292432763,Water Bottle - 30 oz.,Road Bottle Cage,0.06421404682274247,0.6387832699619771,8.784319211763588
11924,Bike Buyers,A,1032.609237573125,0.9722560821293136,Water Bottle - 30 oz.,Road Bottle Cage,0.06421404682274247,0.6387832699619771,8.784319211763588
11925,Bike Buyers,A,1026.5111638456003,0.9800841247534112,Water Bottle - 30 oz.,Road Bottle Cage,0.06421404682274247,0.6387832699619771,8.784319211763588
11933,Bike Buyers,A,1024.7750380057419,0.950992951173433,HL Mountain Tire,Mountain Tire Tube,0.015002388915432393,0.6826086956521739,32.177927927927925
11933,Bike Buyers,A,1024.7750380057419,0.950992951173433,HL Mountain Tire,Patch Kit/8 Patches,0.006020066889632107,0.27391304347826084,7.445454545454544
11937,Bike Buyers,A,1034.3294019868713,0.9524302728022795,Water Bottle - 30 oz.,Road Bottle Cage,0.06421404682274247,0.6387832699619771,8.784319211763588
11939,Bike Buyers,A,1063.4451219723544,0.9885624948688849,Water Bottle - 30 oz.,Road Bottle Cage,0.06421404682274247,0.6387832699619771,8.784319211763588
11954,Bike Buyers,A,1041.5709385019459,0.9666065684110445,HL Mountain Tire,Mountain Tire Tube,0.015002388915432393,0.6826086956521739,32.177927927927925
11955,Bike Buyers,A,1045.737829831458,0.9611518238005747,Hydration Pack - 70 oz.,Water Bottle - 30 oz.,0.005924510272336359,0.4,3.979087452471483
11979,Bike Buyers,A,1707.2402777509078,0.9725776059458732,Water Bottle - 30 oz.,Mountain Bottle Cage,0.0358337314859054,0.3564638783269962,8.21672794425554
11984,Bike Buyers,A,1681.2960762815471,0.9929067184291633,Water Bottle - 30 oz.,Mountain Bottle Cage,0.0358337314859054,0.3564638783269962,8.21672794425554
12013,Bike Buyers,A,725.8693950257167,0.863861028585624,Mountain Bottle Cage,Water Bottle - 30 oz.,0.0358337314859054,0.8259911894273128,8.21672794425554
12014,Bike Buyers,A,725.0623031680302,0.8712276569062097,Mountain Bottle Cage,Water Bottle - 30 oz.,0.0358337314859054,0.8259911894273128,8.21672794425554
12016,Bike Buyers,A,1056.7154193195524,0.9662211555221324,Water Bottle - 30 oz.,Road Bottle Cage,0.06421404682274247,0.6387832699619771,8.784319211763588
12021,Bike Buyers,A,738.0948641693125,0.7948457300320004,Water Bottle - 30 oz.,Road Bottle Cage,0.06421404682274247,0.6387832699619771,8.784319211763588
12025,Bike Buyers,A,1060.830685774347,0.9653488810574664,HL Mountain Tire,Mountain Tire Tube,0.015002388915432393,0.6826086956521739,32.177927927927925
12026,Bike Buyers,A,1077.386406827092,0.986813972054547,Water Bottle - 30 oz.,Road Bottle Cage,0.06421404682274247,0.6387832699619771,8.784319211763588
12027,Bike Buyers,A,1052.1574850349264,0.9649042775031431,Water Bottle - 30 oz.,Road Bottle Cage,0.06421404682274247,0.6387832699619771,8.784319211763588
12041,Bike Buyers,A,1066.1155228692471,0.9892868298484079,HL Mountain Tire,Patch Kit/8 Patches,0.006020066889632107,0.27391304347826084,7.445454545454544
12042,Bike Buyers,A,1057.4751926266015,0.9643593834975477,Hydration Pack - 70 oz.,Water Bottle - 30 oz.,0.005924510272336359,0.4,3.979087452471483
12050,Bike Buyers,A,1074.114463130086,0.9971982445535639,HL Mountain Tire,Patch Kit/8 Patches,0.006020066889632107,0.27391304347826084,7.445454545454544
12052,Bike Buyers,A,1048.2110731930295,0.9878502620565528,HL Mountain Tire,Mountain Tire Tube,0.015002388915432393,0.6826086956521739,32.177927927927925
12053,Bike Buyers,A,1049.2458189264769,0.9772213981548068,HL Mountain Tire,Patch Kit/8 Patches,0.006020066889632107,0.27391304347826084,7.445454545454544
12058,Bike Buyers,A,1060.8144234611054,0.9807877034484077,Hydration Pack - 70 oz.,Water Bottle - 30 oz.,0.005924510272336359,0.4,3.979087452471483
12071,Bike Buyers,A,1077.9336982441596,0.9793362040388609,HL Mountain Tire,Patch Kit/8 Patches,0.006020066889632107,0.27391304347826084,7.445454545454544
12072,Bike Buyers,A,1061.190242780464,0.9459231877528461,Water Bottle - 30 oz.,Road Bottle Cage,0.06421404682274247,0.6387832699619771,8.784319211763588
12075,Bike Buyers,A,1069.5561638992433,0.9649002019484056,HL Mountain Tire,Mountain Tire Tube,0.015002388915432393,0.6826086956521739,32.177927927927925
12075,Bike Buyers,A,1069.5561638992433,0.9649002019484056,HL Mountain Tire,Patch Kit/8 Patches,0.006020066889632107,0.27391304347826084,7.445454545454544
12078,Bike Buyers,A,1083.0303228860523,0.9182020209656281,Hydration Pack - 70 oz.,Water Bottle - 30 oz.,0.005924510272336359,0.4,3.979087452471483
12079,Bike Buyers,A,1063.3044468266457,0.9893762254025895,HL Mountain Tire,Mountain Tire Tube,0.015002388915432393,0.6826086956521739,32.177927927927925
12079,Bike Buyers,A,1063.3044468266457,0.9893762254025895,Water Bottle - 30 oz.,Road Bottle Cage,0.06421404682274247,0.6387832699619771,8.784319211763588
12079,Bike Buyers,A,1063.3044468266457,0.9893762254025895,HL Mountain Tire,Patch Kit/8 Patches,0.006020066889632107,0.27391304347826084,7.445454545454544
12082,Bike Buyers,A,1060.1598693627257,0.9221669427077285,Water Bottle - 30 oz.,Road Bottle Cage,0.06421404682274247,0.6387832699619771,8.784319211763588
12084,Bike Buyers,A,1062.6589475538353,0.9858810256726608,Water Bottle - 30 oz.,Road Bottle Cage,0.06421404682274247,0.6387832699619771,8.784319211763588
12089,Bike Buyers,A,1628.502790724683,0.9960515254003577,AWC Logo Cap,Water Bottle - 30 oz.,0.015097945532728141,0.2936802973977695,2.9214489660338954
12090,Bike Buyers,A,512.8179582743763,0.6935223305140855,AWC Logo Cap,Water Bottle - 30 oz.,0.015097945532728141,0.2936802973977695,2.9214489660338954
12103,Bike Buyers,A,1088.3000222176497,0.9817459121778832,HL Mountain Tire,Patch Kit/8 Patches,0.006020066889632107,0.27391304347826084,7.445454545454544
12108,Bike Buyers,A,1067.2229042380236,0.9474791863295458,HL Mountain Tire,Patch Kit/8 Patches,0.006020066889632107,0.27391304347826084,7.445454545454544
12110,Bike Buyers,A,1052.2522169789124,0.9655406794219636,Water Bottle - 30 oz.,Road Bottle Cage,0.06421404682274247,0.6387832699619771,8.784319211763588
12114,Bike Buyers,A,1733.273341997706,0.9941024281687777,Road Bottle Cage,Water Bottle - 30 oz.,0.06421404682274247,0.8830486202365307,8.784319211763588
12118,Bike Buyers,A,1061.458767428707,0.9944445762440881,HL Mountain Tire,Mountain Tire Tube,0.015002388915432393,0.6826086956521739,32.177927927927925
12118,Bike Buyers,A,1061.458767428707,0.9944445762440881,Water Bottle - 30 oz.,Road Bottle Cage,0.06421404682274247,0.6387832699619771,8.784319211763588
12118,Bike Buyers,A,1061.458767428707,0.9944445762440881,HL Mountain Tire,Patch Kit/8 Patches,0.006020066889632107,0.27391304347826084,7.445454545454544
12120,Bike Buyers,A,1043.3963997738847,0.9889524938737526,HL Mountain Tire,Mountain Tire Tube,0.015002388915432393,0.6826086956521739,32.177927927927925
12120,Bike Buyers,A,1043.3963997738847,0.9889524938737526,HL Mountain Tire,Patch Kit/8 Patches,0.006020066889632107,0.27391304347826084,7.445454545454544
12121,Bike Buyers,A,1070.7167899853428,0.9731947314234427,HL Mountain Tire,Patch Kit/8 Patches,0.006020066889632107,0.27391304347826084,7.445454545454544
12122,Bike Buyers,A,1780.0144477085055,0.9935423168075943,Water Bottle - 30 oz.,Road Bottle Cage,0.06421404682274247,0.6387832699619771,8.784319211763588
12142,Bike Buyers,A,1077.5943751211917,0.9755527228000032,Water Bottle - 30 oz.,Road Bottle Cage,0.06421404682274247,0.6387832699619771,8.784319211763588
12152,Bike Buyers,A,1044.1257911050368,0.9568591841344073,Water Bottle - 30 oz.,Road Bottle Cage,0.06421404682274247,0.6387832699619771,8.784319211763588
12153,Bike Buyers,A,1076.3304542223775,0.9749901947613604,Water Bottle - 30 oz.,Road Bottle Cage,0.06421404682274247,0.6387832699619771,8.784319211763588
12162,Bike Buyers,A,1053.2932773720438,0.921344665441706,Water Bottle - 30 oz.,Road Bottle Cage,0.06421404682274247,0.6387832699619771,8.784319211763588
12164,Bike Buyers,A,1068.5560242009578,0.9628888663288219,HL Mountain Tire,Mountain Tire Tube,0.015002388915432393,0.6826086956521739,32.177927927927925
12164,Bike Buyers,A,1068.5560242009578,0.9628888663288219,HL Mountain Tire,Patch Kit/8 Patches,0.006020066889632107,0.27391304347826084,7.445454545454544
12167,Bike Buyers,A,1049.5950391253975,0.9525101084119569,Hydration Pack - 70 oz.,Water Bottle - 30 oz.,0.005924510272336359,0.4,3.979087452471483
12169,Bike Buyers,A,1044.8586375809507,0.9458009364367594,HL Mountain Tire,Patch Kit/8 Patches,0.006020066889632107,0.27391304347826084,7.445454545454544
12170,Bike Buyers,A,1066.218756474573,0.8639179849622006,HL Mountain Tire,Mountain Tire Tube,0.015002388915432393,0.6826086956521739,32.177927927927925
12170,Bike Buyers,A,1066.218756474573,0.8639179849622006,HL Mountain Tire,Patch Kit/8 Patches,0.006020066889632107,0.27391304347826084,7.445454545454544
12173,Bike Buyers,A,1057.2800201432217,0.96648742660346,AWC Logo Cap,Water Bottle - 30 oz.,0.015097945532728141,0.2936802973977695,2.9214489660338954
12177,Bike Buyers,A,1787.0837070049959,0.9896767446049127,Water Bottle - 30 oz.,Mountain Bottle Cage,0.0358337314859054,0.3564638783269962,8.21672794425554
12179,Bike Buyers,A,1094.6515689824955,0.9132440493229526,Water Bottle - 30 oz.,Road Bottle Cage,0.06421404682274247,0.6387832699619771,8.784319211763588
12186,Bike Buyers,A,1105.8168818185927,0.9011805754555452,Water Bottle - 30 oz.,Road Bottle Cage,0.06421404682274247,0.6387832699619771,8.784319211763588
12189,Bike Buyers,A,1099.0264529914173,0.9152620031910739,Hydration Pack - 70 oz.,Water Bottle - 30 oz.,0.005924510272336359,0.4,3.979087452471483
12190,Bike Buyers,A,1081.9549001072114,0.9396926711049668,Water Bottle - 30 oz.,Road Bottle Cage,0.06421404682274247,0.6387832699619771,8.784319211763588
12193,Bike Buyers,A,1888.5721100525514,0.9930295140761035,HL Mountain Tire,Patch Kit/8 Patches,0.006020066889632107,0.27391304347826084,7.445454545454544
12198,Bike Buyers,A,1103.8547388223715,0.8884694147143115,Water Bottle - 30 oz.,Road Bottle Cage,0.06421404682274247,0.6387832699619771,8.784319211763588
12200,Bike Buyers,A,1103.7305177254323,0.9467987927796735,HL Mountain Tire,Mountain Tire Tube,0.015002388915432393,0.6826086956521739,32.177927927927925
12206,Bike Buyers,A,1108.654011084681,0.9169731308374823,Mountain Bottle Cage,Water Bottle - 30 oz.,0.0358337314859054,0.8259911894273128,8.21672794425554
12208,Bike Buyers,A,1102.2302979948045,0.9392860162116813,AWC Logo Cap,Water Bottle - 30 oz.,0.015097945532728141,0.2936802973977695,2.9214489660338954
12209,Bike Buyers,A,1094.9571383156215,0.8883359094459131,Mountain Bottle Cage,Water Bottle - 30 oz.,0.0358337314859054,0.8259911894273128,8.21672794425554
12219,Bike Buyers,A,850.0202843619741,0.9525863301198992,Water Bottle - 30 oz.,Road Bottle Cage,0.06421404682274247,0.6387832699619771,8.784319211763588
12220,Bike Buyers,A,836.7654885977687,0.9520720510091574,Hydration Pack - 70 oz.,Water Bottle - 30 oz.,0.005924510272336359,0.4,3.979087452471483
12221,Bike Buyers,A,834.3197774435042,0.9066619448155424,HL Mountain Tire,Mountain Tire Tube,0.015002388915432393,0.6826086956521739,32.177927927927925
12221,Bike Buyers,A,834.3197774435042,0.9066619448155424,HL Mountain Tire,Patch Kit/8 Patches,0.006020066889632107,0.27391304347826084,7.445454545454544
12225,Bike Buyers,A,982.1406678112083,0.6208350003400124,Water Bottle - 30 oz.,Road Bottle Cage,0.06421404682274247,0.6387832699619771,8.784319211763588
12226,Bike Buyers,A,979.1562277312886,0.6544529290900007,Water Bottle - 30 oz.,Road Bottle Cage,0.06421404682274247,0.6387832699619771,8.784319211763588
12231,Bike Buyers,A,1013.17640485676,0.5842943681678573,Mountain Bottle Cage,Water Bottle - 30 oz.,0.0358337314859054,0.8259911894273128,8.21672794425554
12232,Bike Buyers,A,1001.4229434774851,0.6927786414432772,Mountain Bottle Cage,Water Bottle - 30 oz.,0.0358337314859054,0.8259911894273128,8.21672794425554
12237,Bike Buyers,A,1043.146657645587,0.6922575727313421,HL Mountain Tire,Mountain Tire Tube,0.015002388915432393,0.6826086956521739,32.177927927927925
12237,Bike Buyers,A,1043.146657645587,0.6922575727313421,HL Mountain Tire,Patch Kit/8 Patches,0.006020066889632107,0.27391304347826084,7.445454545454544
12237,Bike Buyers,A,1043.146657645587,0.6922575727313421,AWC Logo Cap,Water Bottle - 30 oz.,0.015097945532728141,0.2936802973977695,2.9214489660338954
12242,Bike Buyers,A,731.384811421756,0.9433879069361497,AWC Logo Cap,Water Bottle - 30 oz.,0.015097945532728141,0.2936802973977695,2.9214489660338954
12246,Bike Buyers,A,722.9560421689717,0.9101682087684375,Mountain Tire Tube,HL Mountain Tire,0.015002388915432393,0.7072072072072072,32.177927927927925
12251,Bike Buyers,A,718.0846876448553,0.9060237313912847,Mountain Bottle Cage,Water Bottle - 30 oz.,0.0358337314859054,0.8259911894273128,8.21672794425554
12252,Bike Buyers,A,736.9728760219996,0.9711520784215157,Water Bottle - 30 oz.,Road Bottle Cage,0.06421404682274247,0.6387832699619771,8.784319211763588
12253,Bike Buyers,A,754.8938094953892,0.9863866618795524,Mountain Tire Tube,HL Mountain Tire,0.015002388915432393,0.7072072072072072,32.177927927927925
12253,Bike Buyers,A,754.8938094953892,0.9863866618795524,Mountain Tire Tube,Patch Kit/8 Patches,0.00544672718585762,0.25675675675675674,6.979115479115478
12254,Bike Buyers,A,844.3313916976615,0.95445714167191,Mountain Bottle Cage,Water Bottle - 30 oz.,0.0358337314859054,0.8259911894273128,8.21672794425554
12255,Bike Buyers,A,835.9042417359516,0.8967219816751326,Mountain Bottle Cage,Water Bottle - 30 oz.,0.0358337314859054,0.8259911894273128,8.21672794425554
12264,Bike Buyers,A,1139.0583614983132,0.9277188079821478,Touring Tire,Touring Tire Tube,0.009651218346870521,0.8632478632478633,89.44444444444444
12264,Bike Buyers,A,1139.0583614983132,0.9277188079821478,Water Bottle - 30 oz.,Road Bottle Cage,0.06421404682274247,0.6387832699619771,8.784319211763588
12271,Bike Buyers,A,1144.61093751946,0.9197103839075226,Water Bottle - 30 oz.,Road Bottle Cage,0.06421404682274247,0.6387832699619771,8.784319211763588
12272,Bike Buyers,A,1023.3482606890136,0.9859316440104964,Road Bottle Cage,Water Bottle - 30 oz.,0.06421404682274247,0.8830486202365307,8.784319211763588
12277,Bike Buyers,A,1145.6967276026833,0.9241062343526973,HL Mountain Tire,Mountain Tire Tube,0.015002388915432393,0.6826086956521739,32.177927927927925
12277,Bike Buyers,A,1145.6967276026833,0.9241062343526973,Water Bottle - 30 oz.,Mountain Bottle Cage,0.0358337314859054,0.3564638783269962,8.21672794425554
12281,Bike Buyers,A,1043.9009594496351,0.991562846663261,Water Bottle - 30 oz.,Road Bottle Cage,0.06421404682274247,0.6387832699619771,8.784319211763588
12283,Bike Buyers,A,1107.2724421092125,0.9121284652947275,Water Bottle - 30 oz.,Road Bottle Cage,0.06421404682274247,0.6387832699619771,8.784319211763588
12284,Bike Buyers,A,1125.684123969301,0.9473201240109654,HL Mountain Tire,Mountain Tire Tube,0.015002388915432393,0.6826086956521739,32.177927927927925
12284,Bike Buyers,A,1125.684123969301,0.9473201240109654,HL Mountain Tire,Patch Kit/8 Patches,0.006020066889632107,0.27391304347826084,7.445454545454544
12284,Bike Buyers,A,1125.684123969301,0.9473201240109654,AWC Logo Cap,Water Bottle - 30 oz.,0.015097945532728141,0.2936802973977695,2.9214489660338954
12286,Bike Buyers,A,1108.5189400678148,0.9826458165351063,Water Bottle - 30 oz.,Mountain Bottle Cage,0.0358337314859054,0.3564638783269962,8.21672794425554
12289,Bike Buyers,A,1197.4061438976355,0.9328653282027699,Water Bottle - 30 oz.,Mountain Bottle Cage,0.0358337314859054,0.3564638783269962,8.21672794425554
12289,Bike Buyers,A,1197.4061438976355,0.9328653282027699,HL Mountain Tire,Patch Kit/8 Patches,0.006020066889632107,0.27391304347826084,7.445454545454544
12315,Bike Buyers,A,1519.0910705993097,0.9833964651249368,Water Bottle - 30 oz.,Road Bottle Cage,0.06421404682274247,0.6387832699619771,8.784319211763588
12316,Bike Buyers,A,1461.75603779055,0.9926024595957879,Water Bottle - 30 oz.,Road Bottle Cage,0.06421404682274247,0.6387832699619771,8.784319211763588
12318,Bike Buyers,A,1488.2455707210897,0.9915524422335292,Hydration Pack - 70 oz.,Water Bottle - 30 oz.,0.005924510272336359,0.4,3.979087452471483
12323,Bike Buyers,A,1583.7719062657834,0.8869843290110713,Touring Tire,Touring Tire Tube,0.009651218346870521,0.8632478632478633,89.44444444444444
12323,Bike Buyers,A,1583.7719062657834,0.8869843290110713,Water Bottle - 30 oz.,Mountain Bottle Cage,0.0358337314859054,0.3564638783269962,8.21672794425554
12333,Bike Buyers,A,1573.794790154131,0.9797795097307727,HL Road Tire,Road Tire Tube,0.00926899187768753,0.7028985507246376,24.11748633879781
12333,Bike Buyers,A,1573.794790154131,0.9797795097307727,Water Bottle - 30 oz.,Road Bottle Cage,0.06421404682274247,0.6387832699619771,8.784319211763588
12335,Bike Buyers,A,1511.0635163610127,0.9725124652734831,Water Bottle - 30 oz.,Road Bottle Cage,0.06421404682274247,0.6387832699619771,8.784319211763588
12380,Bike Buyers,A,1205.9759243134852,0.9072138217786558,AWC Logo Cap,Water Bottle - 30 oz.,0.015097945532728141,0.2936802973977695,2.9214489660338954
12381,Bike Buyers,A,1141.3720326256264,0.9871573755515483,AWC Logo Cap,Water Bottle - 30 oz.,0.015097945532728141,0.2936802973977695,2.9214489660338954
12384,Bike Buyers,A,1218.3071771485234,0.9383453996869362,Water Bottle - 30 oz.,Mountain Bottle Cage,0.0358337314859054,0.3564638783269962,8.21672794425554
12385,Bike Buyers,A,1103.7108782064997,0.9811110643007531,Mountain Bottle Cage,Water Bottle - 30 oz.,0.0358337314859054,0.8259911894273128,8.21672794425554
12386,Bike Buyers,A,1109.9631569527808,0.5980793138138608,AWC Logo Cap,Water Bottle - 30 oz.,0.015097945532728141,0.2936802973977695,2.9214489660338954
12390,Bike Buyers,A,1179.3300803506186,0.9518725928224376,LL Road Tire,Road Tire Tube,0.009077878643096034,0.5397727272727272,18.520398658718328
12390,Bike Buyers,A,1179.3300803506186,0.9518725928224376,LL Road Tire,Patch Kit/8 Patches,0.005828953655040612,0.34659090909090906,9.420971074380164
12390,Bike Buyers,A,1179.3300803506186,0.9518725928224376,Water Bottle - 30 oz.,Road Bottle Cage,0.06421404682274247,0.6387832699619771,8.784319211763588
12394,Bike Buyers,A,1240.8575135147764,0.950282862120931,Hydration Pack - 70 oz.,Water Bottle - 30 oz.,0.005924510272336359,0.4,3.979087452471483
12404,Bike Buyers,A,1218.24677345866,0.93214093574725,Mountain Bottle Cage,Water Bottle - 30 oz.,0.0358337314859054,0.8259911894273128,8.21672794425554
12437,Bike Buyers,A,1103.8782335338517,0.9670561865502296,AWC Logo Cap,Water Bottle - 30 oz.,0.015097945532728141,0.2936802973977695,2.9214489660338954
12440,Bike Buyers,A,1074.1670039907658,0.9078360491519607,HL Mountain Tire,Patch Kit/8 Patches,0.006020066889632107,0.27391304347826084,7.445454545454544
12447,Bike Buyers,A,502.10546658225906,0.6260173391793723,Water Bottle - 30 oz.,Road Bottle Cage,0.06421404682274247,0.6387832699619771,8.784319211763588
12451,Bike Buyers,A,581.9642805673087,0.5951541183897835,Mountain Bottle Cage,Water Bottle - 30 oz.,0.0358337314859054,0.8259911894273128,8.21672794425554
12462,Bike Buyers,A,1258.9263726294423,0.9641920458901236,Water Bottle - 30 oz.,Road Bottle Cage,0.06421404682274247,0.6387832699619771,8.784319211763588
12463,Bike Buyers,A,1178.7262660192346,0.9681223822382874,Water Bottle - 30 oz.,Road Bottle Cage,0.06421404682274247,0.6387832699619771,8.784319211763588
12486,Bike Buyers,A,1305.294085070525,0.9417830584286407,Water Bottle - 30 oz.,Road Bottle Cage,0.06421404682274247,0.6387832699619771,8.784319211763588
12630,Bike Buyers,A,1626.5545026049722,0.9936988915328295,HL Mountain Tire,Patch Kit/8 Patches,0.006020066889632107,0.27391304347826084,7.445454545454544
12631,Bike Buyers,A,1784.0982564228013,0.9454478254872517,HL Road Tire,Road Tire Tube,0.00926899187768753,0.7028985507246376,24.11748633879781
12632,Bike Buyers,A,1758.828613184643,0.9630333000566873,HL Road Tire,Road Tire Tube,0.00926899187768753,0.7028985507246376,24.11748633879781
12640,Bike Buyers,A,1705.5267186630622,0.9942304089919197,Water Bottle - 30 oz.,Road Bottle Cage,0.06421404682274247,0.6387832699619771,8.784319211763588
12644,Bike Buyers,A,1688.9329557461137,0.9922430605386339,Water Bottle - 30 oz.,Road Bottle Cage,0.06421404682274247,0.6387832699619771,8.784319211763588
12645,Bike Buyers,A,1729.666790554347,0.9894790811318414,HL Mountain Tire,Mountain Tire Tube,0.015002388915432393,0.6826086956521739,32.177927927927925
12647,Bike Buyers,A,1690.1911186219354,0.9871790296176963,Water Bottle - 30 oz.,Road Bottle Cage,0.06421404682274247,0.6387832699619771,8.784319211763588
12650,Bike Buyers,A,1751.1588486976873,0.9652084507616542,Water Bottle - 30 oz.,Road Bottle Cage,0.06421404682274247,0.6387832699619771,8.784319211763588
12655,Bike Buyers,A,1772.446142663683,0.9829186853075811,Water Bottle - 30 oz.,Mountain Bottle Cage,0.0358337314859054,0.3564638783269962,8.21672794425554
12655,Bike Buyers,A,1772.446142663683,0.9829186853075811,HL Mountain Tire,Patch Kit/8 Patches,0.006020066889632107,0.27391304347826084,7.445454545454544
12657,Bike Buyers,A,1336.7799181903906,0.9154052505573013,"Road-750 Black, 52",Road Bottle Cage,0.006975633062589585,0.39673913043478265,5.455814717477004
12657,Bike Buyers,A,1336.7799181903906,0.9154052505573013,"Road-750 Black, 52",Water Bottle - 30 oz.,0.0063067367415193505,0.3586956521739131,3.5682034220532324
12658,Bike Buyers,A,1719.6971113656355,0.9931537664502796,AWC Logo Cap,Water Bottle - 30 oz.,0.015097945532728141,0.2936802973977695,2.9214489660338954
12707,Bike Buyers,A,1109.838237141826,0.8745379672479301,Water Bottle - 30 oz.,Road Bottle Cage,0.06421404682274247,0.6387832699619771,8.784319211763588
12738,Bike Buyers,A,1304.9853549485856,0.954656061520646,Water Bottle - 30 oz.,Road Bottle Cage,0.06421404682274247,0.6387832699619771,8.784319211763588
12742,Bike Buyers,A,1464.3404335742548,0.590649198915971,Water Bottle - 30 oz.,Mountain Bottle Cage,0.0358337314859054,0.3564638783269962,8.21672794425554
12742,Bike Buyers,A,1464.3404335742548,0.590649198915971,HL Mountain Tire,Patch Kit/8 Patches,0.006020066889632107,0.27391304347826084,7.445454545454544
12750,Bike Buyers,A,1013.8233388945282,0.5019606671185455,Water Bottle - 30 oz.,Road Bottle Cage,0.06421404682274247,0.6387832699619771,8.784319211763588
12781,Bike Buyers,A,569.2847414675979,0.7385225098249819,Mountain Bottle Cage,Water Bottle - 30 oz.,0.0358337314859054,0.8259911894273128,8.21672794425554
12782,Bike Buyers,A,611.7124244545265,0.8524411226095189,AWC Logo Cap,Water Bottle - 30 oz.,0.015097945532728141,0.2936802973977695,2.9214489660338954
12783,Bike Buyers,A,672.1175128213932,0.982053885446608,HL Mountain Tire,Patch Kit/8 Patches,0.006020066889632107,0.27391304347826084,7.445454545454544
12805,Bike Buyers,A,1036.7116770399846,0.843119103558326,HL Mountain Tire,Mountain Tire Tube,0.015002388915432393,0.6826086956521739,32.177927927927925
12805,Bike Buyers,A,1036.7116770399846,0.843119103558326,HL Mountain Tire,Patch Kit/8 Patches,0.006020066889632107,0.27391304347826084,7.445454545454544
12806,Bike Buyers,A,1396.9638804531496,0.8871245876847627,"Road-750 Black, 52",Road Bottle Cage,0.006975633062589585,0.39673913043478265,5.455814717477004
12806,Bike Buyers,A,1396.9638804531496,0.8871245876847627,"Road-750 Black, 52",Water Bottle - 30 oz.,0.0063067367415193505,0.3586956521739131,3.5682034220532324
12807,Bike Buyers,A,1393.675779540295,0.9081249118853393,Water Bottle - 30 oz.,Road Bottle Cage,0.06421404682274247,0.6387832699619771,8.784319211763588
12839,Bike Buyers,A,1223.850996716089,0.9276638615794527,Water Bottle - 30 oz.,Road Bottle Cage,0.06421404682274247,0.6387832699619771,8.784319211763588
12853,Bike Buyers,A,1223.6211319751112,0.7994795558013796,Mountain Bottle Cage,Water Bottle - 30 oz.,0.0358337314859054,0.8259911894273128,8.21672794425554
12854,Bike Buyers,A,1198.6818260848358,0.9294521110774048,Water Bottle - 30 oz.,Road Bottle Cage,0.06421404682274247,0.6387832699619771,8.784319211763588
12855,Bike Buyers,A,1221.8123010864942,0.943718341291586,Water Bottle - 30 oz.,Road Bottle Cage,0.06421404682274247,0.6387832699619771,8.784319211763588
12856,Bike Buyers,A,1232.4719977468135,0.9247422396892482,Water Bottle - 30 oz.,Road Bottle Cage,0.06421404682274247,0.6387832699619771,8.784319211763588
12857,Bike Buyers,A,1199.3694958971175,0.7127486070386103,HL Mountain Tire,Patch Kit/8 Patches,0.006020066889632107,0.27391304347826084,7.445454545454544
12861,Bike Buyers,A,1313.0863270416432,0.9250084405758665,Water Bottle - 30 oz.,Road Bottle Cage,0.06421404682274247,0.6387832699619771,8.784319211763588
12902,Bike Buyers,A,634.3217816286879,0.9075394982391588,Mountain Bottle Cage,Water Bottle - 30 oz.,0.0358337314859054,0.8259911894273128,8.21672794425554
12903,Bike Buyers,A,605.3110245959781,0.7713400912462159,HL Mountain Tire,Mountain Tire Tube,0.015002388915432393,0.6826086956521739,32.177927927927925
12914,Bike Buyers,A,600.9739391624976,0.8158027208235322,Mountain Bottle Cage,Water Bottle - 30 oz.,0.0358337314859054,0.8259911894273128,8.21672794425554
12926,Bike Buyers,A,926.3572063884651,0.9068519769019673,Mountain Bottle Cage,Water Bottle - 30 oz.,0.0358337314859054,0.8259911894273128,8.21672794425554
12930,Bike Buyers,A,860.9640862421874,0.7775117161014968,HL Mountain Tire,Mountain Tire Tube,0.015002388915432393,0.6826086956521739,32.177927927927925
12934,Bike Buyers,A,864.1494071379484,0.6323303412179568,HL Mountain Tire,Patch Kit/8 Patches,0.006020066889632107,0.27391304347826084,7.445454545454544
12941,Bike Buyers,A,922.1639676653344,0.9209322296629703,Hydration Pack - 70 oz.,Water Bottle - 30 oz.,0.005924510272336359,0.4,3.979087452471483
12986,Bike Buyers,A,1787.3313636342464,0.9883056760070247,HL Mountain Tire,Patch Kit/8 Patches,0.006020066889632107,0.27391304347826084,7.445454545454544
13016,Bike Buyers,A,918.0126805381653,0.9276250816462066,HL Mountain Tire,Patch Kit/8 Patches,0.006020066889632107,0.27391304347826084,7.445454545454544
13029,Bike Buyers,A,571.1050180584557,0.8728523820085532,Mountain Bottle Cage,Water Bottle - 30 oz.,0.0358337314859054,0.8259911894273128,8.21672794425554
13058,Bike Buyers,A,582.7821146213855,0.9577144221464093,Water Bottle - 30 oz.,Road Bottle Cage,0.06421404682274247,0.6387832699619771,8.784319211763588
13060,Bike Buyers,A,531.711156275087,0.9792333872851017,Water Bottle - 30 oz.,Road Bottle Cage,0.06421404682274247,0.6387832699619771,8.784319211763588
13066,Bike Buyers,A,582.2963484578828,0.9766775708292608,Water Bottle - 30 oz.,Road Bottle Cage,0.06421404682274247,0.6387832699619771,8.784319211763588
13068,Bike Buyers,A,536.2054669734579,0.9770360851676742,Water Bottle - 30 oz.,Road Bottle Cage,0.06421404682274247,0.6387832699619771,8.784319211763588
13069,Bike Buyers,A,523.2610783688872,0.9704144972949155,Mountain Bottle Cage,Water Bottle - 30 oz.,0.0358337314859054,0.8259911894273128,8.21672794425554
13083,Bike Buyers,A,864.5225096518358,0.8283157969256881,AWC Logo Cap,Water Bottle - 30 oz.,0.015097945532728141,0.2936802973977695,2.9214489660338954
13093,Bike Buyers,A,901.9666206674842,0.9154086273892,HL Mountain Tire,Patch Kit/8 Patches,0.006020066889632107,0.27391304347826084,7.445454545454544
13176,Bike Buyers,A,924.7496953190889,0.8804947079502906,Water Bottle - 30 oz.,Road Bottle Cage,0.06421404682274247,0.6387832699619771,8.784319211763588
13203,Bike Buyers,A,873.881508807574,0.8374648449971962,Water Bottle - 30 oz.,Road Bottle Cage,0.06421404682274247,0.6387832699619771,8.784319211763588
13205,Bike Buyers,A,924.6558828503112,0.9305795136768966,Mountain Bottle Cage,Water Bottle - 30 oz.,0.0358337314859054,0.8259911894273128,8.21672794425554
13208,Bike Buyers,A,906.4899034769157,0.9094985881656604,HL Mountain Tire,Patch Kit/8 Patches,0.006020066889632107,0.27391304347826084,7.445454545454544
13237,Bike Buyers,A,898.8704435405136,0.9279329531770683,Water Bottle - 30 oz.,Road Bottle Cage,0.06421404682274247,0.6387832699619771,8.784319211763588
13243,Bike Buyers,A,886.1257686301401,0.9199377905930413,Mountain Bottle Cage,Water Bottle - 30 oz.,0.0358337314859054,0.8259911894273128,8.21672794425554
13249,Bike Buyers,A,1928.6580668678369,0.9839202015518284,HL Mountain Tire,Mountain Tire Tube,0.015002388915432393,0.6826086956521739,32.177927927927925
13251,Bike Buyers,A,1871.284610925953,0.9938714163199958,Hydration Pack - 70 oz.,Water Bottle - 30 oz.,0.005924510272336359,0.4,3.979087452471483
13254,Bike Buyers,A,1999.6967092463963,0.9924188997216786,Hydration Pack - 70 oz.,Water Bottle - 30 oz.,0.005924510272336359,0.4,3.979087452471483
13261,Bike Buyers,A,842.1398146540673,0.9704188179571269,Mountain Bottle Cage,Water Bottle - 30 oz.,0.0358337314859054,0.8259911894273128,8.21672794425554
13274,Bike Buyers,A,944.5070156093042,0.8069631654056799,HL Mountain Tire,Patch Kit/8 Patches,0.006020066889632107,0.27391304347826084,7.445454545454544
13278,Bike Buyers,A,922.3124580263318,0.8788906491579377,Hydration Pack - 70 oz.,Water Bottle - 30 oz.,0.005924510272336359,0.4,3.979087452471483
13284,Bike Buyers,A,1885.3265607963249,0.9963189740430738,Hydration Pack - 70 oz.,Water Bottle - 30 oz.,0.005924510272336359,0.4,3.979087452471483
13286,Bike Buyers,A,892.4143039286776,0.9035725788992245,Water Bottle - 30 oz.,Road Bottle Cage,0.06421404682274247,0.6387832699619771,8.784319211763588
13288,Bike Buyers,A,921.3024929404324,0.8857720998935857,Water Bottle - 30 oz.,Road Bottle Cage,0.06421404682274247,0.6387832699619771,8.784319211763588
13298,Bike Buyers,A,901.1382453796057,0.9287625214438933,Mountain Bottle Cage,Water Bottle - 30 oz.,0.0358337314859054,0.8259911894273128,8.21672794425554
13299,Bike Buyers,A,972.7858396851692,0.9236762990617158,Mountain Bottle Cage,Water Bottle - 30 oz.,0.0358337314859054,0.8259911894273128,8.21672794425554
13299,Bike Buyers,A,972.7858396851692,0.9236762990617158,HL Mountain Tire,Patch Kit/8 Patches,0.006020066889632107,0.27391304347826084,7.445454545454544
13314,Bike Buyers,A,966.0039619933588,0.9161003050457226,AWC Logo Cap,Water Bottle - 30 oz.,0.015097945532728141,0.2936802973977695,2.9214489660338954
13315,Bike Buyers,A,913.7553013820054,0.8571163048794446,Mountain Bottle Cage,Water Bottle - 30 oz.,0.0358337314859054,0.8259911894273128,8.21672794425554
13316,Bike Buyers,A,919.6672596278714,0.8852130542796957,HL Mountain Tire,Patch Kit/8 Patches,0.006020066889632107,0.27391304347826084,7.445454545454544
13319,Bike Buyers,A,909.5507565504832,0.8352930310053125,HL Mountain Tire,Mountain Tire Tube,0.015002388915432393,0.6826086956521739,32.177927927927925
13319,Bike Buyers,A,909.5507565504832,0.8352930310053125,HL Mountain Tire,Patch Kit/8 Patches,0.006020066889632107,0.27391304347826084,7.445454545454544
13326,Bike Buyers,A,885.074525608567,0.9208435067917142,HL Mountain Tire,Mountain Tire Tube,0.015002388915432393,0.6826086956521739,32.177927927927925
13326,Bike Buyers,A,885.074525608567,0.9208435067917142,HL Mountain Tire,Patch Kit/8 Patches,0.006020066889632107,0.27391304347826084,7.445454545454544
13329,Bike Buyers,A,950.9331901880723,0.8944400053296149,Water Bottle - 30 oz.,Road Bottle Cage,0.06421404682274247,0.6387832699619771,8.784319211763588
13340,Bike Buyers,A,907.0185951897084,0.8810000145057056,Water Bottle - 30 oz.,Road Bottle Cage,0.06421404682274247,0.6387832699619771,8.784319211763588
13343,Bike Buyers,A,2026.924709677745,0.9878101027353665,Road Bottle Cage,Water Bottle - 30 oz.,0.06421404682274247,0.8830486202365307,8.784319211763588
13348,Bike Buyers,A,906.4264459896203,0.8906614202871376,HL Mountain Tire,Patch Kit/8 Patches,0.006020066889632107,0.27391304347826084,7.445454545454544
13355,Bike Buyers,A,902.8639761957513,0.87380200271184,HL Mountain Tire,Mountain Tire Tube,0.015002388915432393,0.6826086956521739,32.177927927927925
13355,Bike Buyers,A,902.8639761957513,0.87380200271184,HL Mountain Tire,Patch Kit/8 Patches,0.006020066889632107,0.27391304347826084,7.445454545454544
13367,Bike Buyers,A,910.9525764970394,0.9135623235008945,Water Bottle - 30 oz.,Road Bottle Cage,0.06421404682274247,0.6387832699619771,8.784319211763588
13369,Bike Buyers,A,935.1207353939689,0.915535419529455,HL Mountain Tire,Patch Kit/8 Patches,0.006020066889632107,0.27391304347826084,7.445454545454544
13378,Bike Buyers,A,883.0218803772692,0.886676706084662,Water Bottle - 30 oz.,Road Bottle Cage,0.06421404682274247,0.6387832699619771,8.784319211763588
13394,Bike Buyers,A,511.18539672419024,0.7457281222859672,Water Bottle - 30 oz.,Road Bottle Cage,0.06421404682274247,0.6387832699619771,8.784319211763588
13403,Bike Buyers,A,918.9478415538115,0.891427653658856,Hydration Pack - 70 oz.,Water Bottle - 30 oz.,0.005924510272336359,0.4,3.979087452471483
13404,Bike Buyers,A,2021.9882619632178,0.9904728332490158,Water Bottle - 30 oz.,Road Bottle Cage,0.06421404682274247,0.6387832699619771,8.784319211763588
13407,Bike Buyers,A,2093.097589813852,0.9539033801927874,AWC Logo Cap,Water Bottle - 30 oz.,0.015097945532728141,0.2936802973977695,2.9214489660338954
13408,Bike Buyers,A,2008.4098134345122,0.9895582634147413,Water Bottle - 30 oz.,Road Bottle Cage,0.06421404682274247,0.6387832699619771,8.784319211763588
13408,Bike Buyers,A,2008.4098134345122,0.9895582634147413,HL Mountain Tire,Patch Kit/8 Patches,0.006020066889632107,0.27391304347826084,7.445454545454544
13417,Bike Buyers,A,508.9778153493776,0.5735890366020794,HL Mountain Tire,Patch Kit/8 Patches,0.006020066889632107,0.27391304347826084,7.445454545454544
13418,Bike Buyers,A,504.2871382519237,0.6309257263772637,HL Mountain Tire,Mountain Tire Tube,0.015002388915432393,0.6826086956521739,32.177927927927925
13418,Bike Buyers,A,504.2871382519237,0.6309257263772637,HL Mountain Tire,Patch Kit/8 Patches,0.006020066889632107,0.27391304347826084,7.445454545454544
13424,Bike Buyers,A,940.7852526152171,0.9126280620211686,Water Bottle - 30 oz.,Road Bottle Cage,0.06421404682274247,0.6387832699619771,8.784319211763588
13431,Bike Buyers,A,944.7260733167506,0.7689696306406231,Water Bottle - 30 oz.,Road Bottle Cage,0.06421404682274247,0.6387832699619771,8.784319211763588
13435,Bike Buyers,A,998.9645964358122,0.8519450508636518,HL Mountain Tire,Patch Kit/8 Patches,0.006020066889632107,0.27391304347826084,7.445454545454544
13446,Bike Buyers,A,918.351831465812,0.8798147087220115,HL Mountain Tire,Mountain Tire Tube,0.015002388915432393,0.6826086956521739,32.177927927927925
13446,Bike Buyers,A,918.351831465812,0.8798147087220115,HL Mountain Tire,Patch Kit/8 Patches,0.006020066889632107,0.27391304347826084,7.445454545454544
13449,Bike Buyers,A,928.855121376989,0.9255944829612899,Water Bottle - 30 oz.,Road Bottle Cage,0.06421404682274247,0.6387832699619771,8.784319211763588
13452,Bike Buyers,A,1007.5090976020144,0.8234920115808435,Water Bottle - 30 oz.,Road Bottle Cage,0.06421404682274247,0.6387832699619771,8.784319211763588
13453,Bike Buyers,A,971.7218867576363,0.8148210166060537,HL Mountain Tire,Patch Kit/8 Patches,0.006020066889632107,0.27391304347826084,7.445454545454544
13456,Bike Buyers,A,980.558334704548,0.8490041781646235,AWC Logo Cap,Water Bottle - 30 oz.,0.015097945532728141,0.2936802973977695,2.9214489660338954
13468,Bike Buyers,A,1002.966124342594,0.8088416385237076,HL Mountain Tire,Patch Kit/8 Patches,0.006020066889632107,0.27391304347826084,7.445454545454544
13472,Bike Buyers,A,626.4744481338612,0.8896021500804465,HL Mountain Tire,Patch Kit/8 Patches,0.006020066889632107,0.27391304347826084,7.445454545454544
13473,Bike Buyers,A,552.0378169998743,0.8207806079371841,Water Bottle - 30 oz.,Road Bottle Cage,0.06421404682274247,0.6387832699619771,8.784319211763588
13478,Bike Buyers,A,1046.6919034240905,0.7609842406638764,Water Bottle - 30 oz.,Road Bottle Cage,0.06421404682274247,0.6387832699619771,8.784319211763588
13484,Bike Buyers,A,1068.6759412762171,0.944207244450125,HL Mountain Tire,Patch Kit/8 Patches,0.006020066889632107,0.27391304347826084,7.445454545454544
13492,Bike Buyers,A,1022.698918181673,0.8681788436457311,Water Bottle - 30 oz.,Road Bottle Cage,0.06421404682274247,0.6387832699619771,8.784319211763588
13520,Bike Buyers,A,1062.0161751766402,0.9425346260308135,Road Tire Tube,ML Road Tire,0.010797897754419493,0.3704918032786885,23.933313094515277
13520,Bike Buyers,A,1062.0161751766402,0.9425346260308135,Road Tire Tube,LL Road Tire,0.009077878643096034,0.3114754098360656,18.52039865871833
13520,Bike Buyers,A,1062.0161751766402,0.9425346260308135,Road Tire Tube,Patch Kit/8 Patches,0.006784519827998089,0.23278688524590163,6.327570789865871
13524,Bike Buyers,A,1061.2479266393575,0.9533448726135376,Water Bottle - 30 oz.,Mountain Bottle Cage,0.0358337314859054,0.3564638783269962,8.21672794425554
13525,Bike Buyers,A,1058.5747229017152,0.8679095178505145,Water Bottle - 30 oz.,Mountain Bottle Cage,0.0358337314859054,0.3564638783269962,8.21672794425554
13527,Bike Buyers,A,1089.1486558250388,0.5574751958179406,Road Tire Tube,ML Road Tire,0.010797897754419493,0.3704918032786885,23.933313094515277
13527,Bike Buyers,A,1089.1486558250388,0.5574751958179406,Road Tire Tube,LL Road Tire,0.009077878643096034,0.3114754098360656,18.52039865871833
13527,Bike Buyers,A,1089.1486558250388,0.5574751958179406,Road Tire Tube,Patch Kit/8 Patches,0.006784519827998089,0.23278688524590163,6.327570789865871
13541,Bike Buyers,A,862.1341390919699,0.8499132034369419,LL Road Tire,Road Tire Tube,0.009077878643096034,0.5397727272727272,18.520398658718328
13541,Bike Buyers,A,862.1341390919699,0.8499132034369419,LL Road Tire,Patch Kit/8 Patches,0.005828953655040612,0.34659090909090906,9.420971074380164
13541,Bike Buyers,A,862.1341390919699,0.8499132034369419,Water Bottle - 30 oz.,Road Bottle Cage,0.06421404682274247,0.6387832699619771,8.784319211763588
13557,Bike Buyers,A,1393.3933911565543,0.8857498474379651,Hydration Pack - 70 oz.,Water Bottle - 30 oz.,0.005924510272336359,0.4,3.979087452471483
13559,Bike Buyers,A,856.996635481097,0.9505320870380893,Road Tire Tube,HL Road Tire,0.00926899187768753,0.3180327868852459,24.117486338797814
13559,Bike Buyers,A,856.996635481097,0.9505320870380893,Road Tire Tube,ML Road Tire,0.010797897754419493,0.3704918032786885,23.933313094515277
13559,Bike Buyers,A,856.996635481097,0.9505320870380893,LL Road Tire,Patch Kit/8 Patches,0.005828953655040612,0.34659090909090906,9.420971074380164
13576,Bike Buyers,A,1054.0303087751695,0.9990284108638587,Water Bottle - 30 oz.,Mountain Bottle Cage,0.0358337314859054,0.3564638783269962,8.21672794425554
13583,Bike Buyers,A,1070.0773679313838,0.9936201171175256,HL Mountain Tire,Patch Kit/8 Patches,0.006020066889632107,0.27391304347826084,7.445454545454544
13583,Bike Buyers,A,1070.0773679313838,0.9936201171175256,AWC Logo Cap,Water Bottle - 30 oz.,0.015097945532728141,0.2936802973977695,2.9214489660338954
13590,Bike Buyers,A,1045.8415142689585,0.9984215236839318,Water Bottle - 30 oz.,Mountain Bottle Cage,0.0358337314859054,0.3564638783269962,8.21672794425554
13600,Bike Buyers,A,1092.5653543724684,0.9909507477753615,Water Bottle - 30 oz.,Road Bottle Cage,0.06421404682274247,0.6387832699619771,8.784319211763588
13602,Bike Buyers,A,1083.5218135494729,0.9909011243805184,Water Bottle - 30 oz.,Road Bottle Cage,0.06421404682274247,0.6387832699619771,8.784319211763588
13653,Bike Buyers,A,1010.9314411661467,0.9066210038644229,HL Mountain Tire,Mountain Tire Tube,0.015002388915432393,0.6826086956521739,32.177927927927925
13657,Bike Buyers,A,1053.0035762185219,0.8828137441748812,AWC Logo Cap,Water Bottle - 30 oz.,0.015097945532728141,0.2936802973977695,2.9214489660338954
13704,Bike Buyers,A,608.9521515945526,0.9894651589918586,Water Bottle - 30 oz.,Road Bottle Cage,0.06421404682274247,0.6387832699619771,8.784319211763588
13742,Bike Buyers,A,732.9926874450222,0.9571739654039674,Water Bottle - 30 oz.,Road Bottle Cage,0.06421404682274247,0.6387832699619771,8.784319211763588
13742,Bike Buyers,A,732.9926874450222,0.9571739654039674,Water Bottle - 30 oz.,Mountain Bottle Cage,0.0358337314859054,0.3564638783269962,8.21672794425554
13745,Bike Buyers,A,812.3244864723672,0.9340472643751822,Mountain Tire Tube,HL Mountain Tire,0.015002388915432393,0.7072072072072072,32.177927927927925
13745,Bike Buyers,A,812.3244864723672,0.9340472643751822,Mountain Tire Tube,Patch Kit/8 Patches,0.00544672718585762,0.25675675675675674,6.979115479115478
13746,Bike Buyers,A,784.2692283990021,0.9610650494819881,Mountain Tire Tube,HL Mountain Tire,0.015002388915432393,0.7072072072072072,32.177927927927925
13769,Bike Buyers,A,871.3315804816973,0.5840964224247958,HL Mountain Tire,Mountain Tire Tube,0.015002388915432393,0.6826086956521739,32.177927927927925
13769,Bike Buyers,A,871.3315804816973,0.5840964224247958,HL Mountain Tire,Patch Kit/8 Patches,0.006020066889632107,0.27391304347826084,7.445454545454544
13774,Bike Buyers,A,663.1678897521705,0.9031636669804471,Mountain Bottle Cage,Water Bottle - 30 oz.,0.0358337314859054,0.8259911894273128,8.21672794425554
13779,Bike Buyers,A,578.5708384855914,0.9828174822016825,Mountain Tire Tube,HL Mountain Tire,0.015002388915432393,0.7072072072072072,32.177927927927925
13779,Bike Buyers,A,578.5708384855914,0.9828174822016825,Mountain Tire Tube,Patch Kit/8 Patches,0.00544672718585762,0.25675675675675674,6.979115479115478
13779,Bike Buyers,A,578.5708384855914,0.9828174822016825,Hydration Pack - 70 oz.,Water Bottle - 30 oz.,0.005924510272336359,0.4,3.979087452471483
13795,Bike Buyers,A,644.3381480252357,0.9111463288069888,Mountain Bottle Cage,Water Bottle - 30 oz.,0.0358337314859054,0.8259911894273128,8.21672794425554
13799,Bike Buyers,A,577.8363607034803,0.9471705334555456,AWC Logo Cap,Water Bottle - 30 oz.,0.015097945532728141,0.2936802973977695,2.9214489660338954
13806,Bike Buyers,A,609.5081041118599,0.9889988441077865,Water Bottle - 30 oz.,Road Bottle Cage,0.06421404682274247,0.6387832699619771,8.784319211763588
13808,Bike Buyers,A,670.1823079222654,0.9830825997513543,AWC Logo Cap,Water Bottle - 30 oz.,0.015097945532728141,0.2936802973977695,2.9214489660338954
13823,Bike Buyers,A,958.8564632169445,0.8980358544700842,Hydration Pack - 70 oz.,Water Bottle - 30 oz.,0.005924510272336359,0.4,3.979087452471483
13854,Bike Buyers,A,800.0849366687579,0.9374210876112555,Mountain Tire Tube,HL Mountain Tire,0.015002388915432393,0.7072072072072072,32.177927927927925
13854,Bike Buyers,A,800.0849366687579,0.9374210876112555,Mountain Tire Tube,Patch Kit/8 Patches,0.00544672718585762,0.25675675675675674,6.979115479115478
13856,Bike Buyers,A,721.8029515660006,0.9190871384041134,AWC Logo Cap,Water Bottle - 30 oz.,0.015097945532728141,0.2936802973977695,2.9214489660338954
13865,Bike Buyers,A,1128.0257490960073,0.7317944209318422,Mountain Bottle Cage,Water Bottle - 30 oz.,0.0358337314859054,0.8259911894273128,8.21672794425554
13866,Bike Buyers,A,1177.4387358093834,0.7588693717806837,HL Mountain Tire,Patch Kit/8 Patches,0.006020066889632107,0.27391304347826084,7.445454545454544
13866,Bike Buyers,A,1177.4387358093834,0.7588693717806837,AWC Logo Cap,Water Bottle - 30 oz.,0.015097945532728141,0.2936802973977695,2.9214489660338954
13877,Bike Buyers,A,779.0702121758252,0.9377286914785251,AWC Logo Cap,Water Bottle - 30 oz.,0.015097945532728141,0.2936802973977695,2.9214489660338954
13882,Bike Buyers,A,832.2783139958665,0.6481785514808147,Mountain Tire Tube,HL Mountain Tire,0.015002388915432393,0.7072072072072072,32.177927927927925
13882,Bike Buyers,A,832.2783139958665,0.6481785514808147,Mountain Tire Tube,Patch Kit/8 Patches,0.00544672718585762,0.25675675675675674,6.979115479115478
13884,Bike Buyers,A,768.0506679473801,0.8841540688372578,Mountain Tire Tube,HL Mountain Tire,0.015002388915432393,0.7072072072072072,32.177927927927925
13884,Bike Buyers,A,768.0506679473801,0.8841540688372578,Mountain Tire Tube,Patch Kit/8 Patches,0.00544672718585762,0.25675675675675674,6.979115479115478
13889,Bike Buyers,A,823.7005049679397,0.8916682539169556,AWC Logo Cap,Water Bottle - 30 oz.,0.015097945532728141,0.2936802973977695,2.9214489660338954
13894,Bike Buyers,A,1257.4614002524957,0.5797832337243547,Water Bottle - 30 oz.,Road Bottle Cage,0.06421404682274247,0.6387832699619771,8.784319211763588
13896,Bike Buyers,A,1332.8547806028787,0.979032074242218,HL Mountain Tire,Mountain Tire Tube,0.015002388915432393,0.6826086956521739,32.177927927927925
13898,Bike Buyers,A,1367.9916628628284,0.9783899402215253,Water Bottle - 30 oz.,Road Bottle Cage,0.06421404682274247,0.6387832699619771,8.784319211763588
13909,Bike Buyers,A,507.52714291272974,0.5875610428618159,Water Bottle - 30 oz.,Road Bottle Cage,0.06421404682274247,0.6387832699619771,8.784319211763588
13910,Bike Buyers,A,1252.8218152753461,0.9735443800132326,Water Bottle - 30 oz.,Road Bottle Cage,0.06421404682274247,0.6387832699619771,8.784319211763588
13917,Bike Buyers,A,995.870845315349,0.9478803936483211,Mountain Tire Tube,HL Mountain Tire,0.015002388915432393,0.7072072072072072,32.177927927927925
13917,Bike Buyers,A,995.870845315349,0.9478803936483211,Mountain Tire Tube,Patch Kit/8 Patches,0.00544672718585762,0.25675675675675674,6.979115479115478
13938,Bike Buyers,A,931.7334686969753,0.9178518502089701,Mountain Tire Tube,HL Mountain Tire,0.015002388915432393,0.7072072072072072,32.177927927927925
13938,Bike Buyers,A,931.7334686969753,0.9178518502089701,Mountain Tire Tube,Patch Kit/8 Patches,0.00544672718585762,0.25675675675675674,6.979115479115478
13939,Bike Buyers,A,923.794087667651,0.9630264525524798,AWC Logo Cap,Water Bottle - 30 oz.,0.015097945532728141,0.2936802973977695,2.9214489660338954
13947,Bike Buyers,A,1417.100453485099,0.9899451840152707,HL Mountain Tire,Patch Kit/8 Patches,0.006020066889632107,0.27391304347826084,7.445454545454544
13978,Bike Buyers,A,1511.704011632468,0.9897503044270382,Water Bottle - 30 oz.,Road Bottle Cage,0.06421404682274247,0.6387832699619771,8.784319211763588
14005,Bike Buyers,A,666.5507500288359,0.9275704815290913,Water Bottle - 30 oz.,Road Bottle Cage,0.06421404682274247,0.6387832699619771,8.784319211763588
14044,Bike Buyers,A,699.7595464272914,0.9118519765470416,HL Mountain Tire,Mountain Tire Tube,0.015002388915432393,0.6826086956521739,32.177927927927925
14128,Bike Buyers,A,973.8702219464813,0.9679479119686433,Road Tire Tube,HL Road Tire,0.00926899187768753,0.3180327868852459,24.117486338797814
14128,Bike Buyers,A,973.8702219464813,0.9679479119686433,Road Tire Tube,LL Road Tire,0.009077878643096034,0.3114754098360656,18.52039865871833
14128,Bike Buyers,A,973.8702219464813,0.9679479119686433,Road Tire Tube,Patch Kit/8 Patches,0.006784519827998089,0.23278688524590163,6.327570789865871
14130,Bike Buyers,A,953.5506478111774,0.9716997066346044,Road Tire Tube,HL Road Tire,0.00926899187768753,0.3180327868852459,24.117486338797814
14130,Bike Buyers,A,953.5506478111774,0.9716997066346044,Road Tire Tube,LL Road Tire,0.009077878643096034,0.3114754098360656,18.52039865871833
14130,Bike Buyers,A,953.5506478111774,0.9716997066346044,Road Tire Tube,Patch Kit/8 Patches,0.006784519827998089,0.23278688524590163,6.327570789865871
14133,Bike Buyers,A,952.6121184385421,0.946938557263078,Water Bottle - 30 oz.,Mountain Bottle Cage,0.0358337314859054,0.3564638783269962,8.21672794425554
14141,Bike Buyers,A,656.0256979447349,0.9749245958113677,Mountain Tire Tube,HL Mountain Tire,0.015002388915432393,0.7072072072072072,32.177927927927925
14141,Bike Buyers,A,656.0256979447349,0.9749245958113677,Mountain Tire Tube,Patch Kit/8 Patches,0.00544672718585762,0.25675675675675674,6.979115479115478
14181,Bike Buyers,A,1291.3243331794697,0.9934282720949299,AWC Logo Cap,Water Bottle - 30 oz.,0.015097945532728141,0.2936802973977695,2.9214489660338954
14183,Bike Buyers,A,1136.7729292349482,0.9985980800644012,Hydration Pack - 70 oz.,Water Bottle - 30 oz.,0.005924510272336359,0.4,3.979087452471483
14191,Bike Buyers,A,1135.0366170908221,0.9960202603188074,AWC Logo Cap,Water Bottle - 30 oz.,0.015097945532728141,0.2936802973977695,2.9214489660338954
14192,Bike Buyers,A,1365.4621696810545,0.9667040146676376,Touring Tire,Touring Tire Tube,0.009651218346870521,0.8632478632478633,89.44444444444444
14192,Bike Buyers,A,1365.4621696810545,0.9667040146676376,Water Bottle - 30 oz.,Road Bottle Cage,0.06421404682274247,0.6387832699619771,8.784319211763588
14198,Bike Buyers,A,1277.14459826349,0.9950286001922669,Water Bottle - 30 oz.,Mountain Bottle Cage,0.0358337314859054,0.3564638783269962,8.21672794425554
14200,Bike Buyers,A,923.3639381448513,0.7474351117683544,Water Bottle - 30 oz.,Road Bottle Cage,0.06421404682274247,0.6387832699619771,8.784319211763588
14207,Bike Buyers,A,1343.520443356264,0.9921781360816077,AWC Logo Cap,Water Bottle - 30 oz.,0.015097945532728141,0.2936802973977695,2.9214489660338954
14220,Bike Buyers,A,844.2510122048498,0.8642697900236344,Water Bottle - 30 oz.,Mountain Bottle Cage,0.0358337314859054,0.3564638783269962,8.21672794425554
14240,Bike Buyers,A,767.8123579339157,0.9516584391127666,HL Mountain Tire,Patch Kit/8 Patches,0.006020066889632107,0.27391304347826084,7.445454545454544
14242,Bike Buyers,A,776.8816139871441,0.9706834606109571,AWC Logo Cap,Water Bottle - 30 oz.,0.015097945532728141,0.2936802973977695,2.9214489660338954
14253,Bike Buyers,A,774.9809331343704,0.9540476925104657,HL Mountain Tire,Patch Kit/8 Patches,0.006020066889632107,0.27391304347826084,7.445454545454544
14288,Bike Buyers,A,764.0115824159255,0.9712223532134914,AWC Logo Cap,Water Bottle - 30 oz.,0.015097945532728141,0.2936802973977695,2.9214489660338954
14297,Bike Buyers,A,811.9361767427674,0.9642169069112085,HL Mountain Tire,Patch Kit/8 Patches,0.006020066889632107,0.27391304347826084,7.445454545454544
14298,Bike Buyers,A,818.0811429720643,0.9683349958050635,HL Mountain Tire,Mountain Tire Tube,0.015002388915432393,0.6826086956521739,32.177927927927925
14380,Bike Buyers,A,895.1789866591803,0.8678191140296557,HL Mountain Tire,Mountain Tire Tube,0.015002388915432393,0.6826086956521739,32.177927927927925
14380,Bike Buyers,A,895.1789866591803,0.8678191140296557,HL Mountain Tire,Patch Kit/8 Patches,0.006020066889632107,0.27391304347826084,7.445454545454544
14382,Bike Buyers,A,883.8278414729205,0.9098503357837348,Water Bottle - 30 oz.,Road Bottle Cage,0.06421404682274247,0.6387832699619771,8.784319211763588
14400,Bike Buyers,A,923.4592121771802,0.9680994668550429,HL Mountain Tire,Patch Kit/8 Patches,0.006020066889632107,0.27391304347826084,7.445454545454544
14411,Bike Buyers,A,925.8305536474519,0.988920425638278,HL Mountain Tire,Patch Kit/8 Patches,0.006020066889632107,0.27391304347826084,7.445454545454544
14414,Bike Buyers,A,504.2357778631347,0.9681004512926036,Water Bottle - 30 oz.,Road Bottle Cage,0.06421404682274247,0.6387832699619771,8.784319211763588
14421,Bike Buyers,A,982.3920812187534,0.9882005436071111,HL Mountain Tire,Patch Kit/8 Patches,0.006020066889632107,0.27391304347826084,7.445454545454544
14424,Bike Buyers,A,922.7537902375786,0.6217908090753409,Mountain Bottle Cage,Water Bottle - 30 oz.,0.0358337314859054,0.8259911894273128,8.21672794425554
14425,Bike Buyers,A,1321.1633714397751,0.9955250989020912,Water Bottle - 30 oz.,Road Bottle Cage,0.06421404682274247,0.6387832699619771,8.784319211763588
14426,Bike Buyers,A,1327.20110592,0.9920704332658107,HL Mountain Tire,Patch Kit/8 Patches,0.006020066889632107,0.27391304347826084,7.445454545454544
14428,Bike Buyers,A,1296.9996927452294,0.9886757078934489,Touring Tire,Touring Tire Tube,0.009651218346870521,0.8632478632478633,89.44444444444444
14436,Bike Buyers,A,526.5176424261449,0.5252243346749769,Water Bottle - 30 oz.,Road Bottle Cage,0.06421404682274247,0.6387832699619771,8.784319211763588
14439,Bike Buyers,A,960.796713700905,0.9586116172217666,Water Bottle - 30 oz.,Road Bottle Cage,0.06421404682274247,0.6387832699619771,8.784319211763588
14440,Bike Buyers,A,971.5091508850057,0.9426357424313365,Water Bottle - 30 oz.,Road Bottle Cage,0.06421404682274247,0.6387832699619771,8.784319211763588
14442,Bike Buyers,A,1005.7690236305409,0.9842780086632207,HL Mountain Tire,Patch Kit/8 Patches,0.006020066889632107,0.27391304347826084,7.445454545454544
14447,Bike Buyers,A,1006.5964246397727,0.9526249378107344,Water Bottle - 30 oz.,Road Bottle Cage,0.06421404682274247,0.6387832699619771,8.784319211763588
14448,Bike Buyers,A,993.2050630617587,0.9624039638999362,HL Mountain Tire,Patch Kit/8 Patches,0.006020066889632107,0.27391304347826084,7.445454545454544
14457,Bike Buyers,A,1024.8628418879755,0.9888363351882805,Water Bottle - 30 oz.,Road Bottle Cage,0.06421404682274247,0.6387832699619771,8.784319211763588
14461,Bike Buyers,A,1048.529661413673,0.9573474640312509,Water Bottle - 30 oz.,Road Bottle Cage,0.06421404682274247,0.6387832699619771,8.784319211763588
14464,Bike Buyers,A,1053.3860612112667,0.9746814273314793,HL Mountain Tire,Mountain Tire Tube,0.015002388915432393,0.6826086956521739,32.177927927927925
14470,Bike Buyers,A,1065.1625883381603,0.8937382509186067,HL Mountain Tire,Patch Kit/8 Patches,0.006020066889632107,0.27391304347826084,7.445454545454544
14471,Bike Buyers,A,1025.3958160176167,0.9700452874937957,HL Mountain Tire,Mountain Tire Tube,0.015002388915432393,0.6826086956521739,32.177927927927925
14471,Bike Buyers,A,1025.3958160176167,0.9700452874937957,HL Mountain Tire,Patch Kit/8 Patches,0.006020066889632107,0.27391304347826084,7.445454545454544
14473,Bike Buyers,A,1054.952925251604,0.9262334827723863,Hydration Pack - 70 oz.,Water Bottle - 30 oz.,0.005924510272336359,0.4,3.979087452471483
14481,Bike Buyers,A,1060.2746662086408,0.991074315372748,HL Mountain Tire,Patch Kit/8 Patches,0.006020066889632107,0.27391304347826084,7.445454545454544
14484,Bike Buyers,A,1024.231456568574,0.9734919625203053,Water Bottle - 30 oz.,Road Bottle Cage,0.06421404682274247,0.6387832699619771,8.784319211763588
14485,Bike Buyers,A,1045.244064055947,0.9757125416799161,Water Bottle - 30 oz.,Road Bottle Cage,0.06421404682274247,0.6387832699619771,8.784319211763588
14486,Bike Buyers,A,1006.0762048997128,0.9778148508639003,Water Bottle - 30 oz.,Road Bottle Cage,0.06421404682274247,0.6387832699619771,8.784319211763588
14498,Bike Buyers,A,1033.4561335727758,0.9398626693593809,Water Bottle - 30 oz.,Road Bottle Cage,0.06421404682274247,0.6387832699619771,8.784319211763588
14598,Bike Buyers,A,572.4624556119729,0.7998393909796652,HL Mountain Tire,Patch Kit/8 Patches,0.006020066889632107,0.27391304347826084,7.445454545454544
14598,Bike Buyers,A,572.4624556119729,0.7998393909796652,Hydration Pack - 70 oz.,Water Bottle - 30 oz.,0.005924510272336359,0.4,3.979087452471483
14606,Bike Buyers,A,571.4400657565465,0.6797420891915557,Water Bottle - 30 oz.,Road Bottle Cage,0.06421404682274247,0.6387832699619771,8.784319211763588
14775,Bike Buyers,A,1319.1557760606183,0.9790717679346786,HL Mountain Tire,Patch Kit/8 Patches,0.006020066889632107,0.27391304347826084,7.445454545454544
14851,Bike Buyers,A,616.9504702610744,0.9816432840899775,Water Bottle - 30 oz.,Road Bottle Cage,0.06421404682274247,0.6387832699619771,8.784319211763588
14855,Bike Buyers,A,994.0151831584286,0.9711290674098645,AWC Logo Cap,Water Bottle - 30 oz.,0.015097945532728141,0.2936802973977695,2.9214489660338954
14926,Bike Buyers,A,692.5321844478287,0.9591957576417425,Water Bottle - 30 oz.,Road Bottle Cage,0.06421404682274247,0.6387832699619771,8.784319211763588
14931,Bike Buyers,A,1496.6028755733068,0.9829945391752949,Water Bottle - 30 oz.,Road Bottle Cage,0.06421404682274247,0.6387832699619771,8.784319211763588
14939,Bike Buyers,A,1417.524978145866,0.9685625349686169,HL Mountain Tire,Patch Kit/8 Patches,0.006020066889632107,0.27391304347826084,7.445454545454544
14944,Bike Buyers,A,722.1265841017064,0.9641052880871813,Mountain Bottle Cage,Water Bottle - 30 oz.,0.0358337314859054,0.8259911894273128,8.21672794425554
14947,Bike Buyers,A,680.5585211515611,0.7859545901298484,AWC Logo Cap,Water Bottle - 30 oz.,0.015097945532728141,0.2936802973977695,2.9214489660338954
14948,Bike Buyers,A,647.9844806631306,0.9846014207356338,Mountain Tire Tube,HL Mountain Tire,0.015002388915432393,0.7072072072072072,32.177927927927925
14948,Bike Buyers,A,647.9844806631306,0.9846014207356338,Mountain Tire Tube,Patch Kit/8 Patches,0.00544672718585762,0.25675675675675674,6.979115479115478
14965,Bike Buyers,A,644.0225870273059,0.9963560720595633,Mountain Tire Tube,HL Mountain Tire,0.015002388915432393,0.7072072072072072,32.177927927927925
14978,Bike Buyers,A,784.7955542801984,0.9612247153182538,Water Bottle - 30 oz.,Road Bottle Cage,0.06421404682274247,0.6387832699619771,8.784319211763588
14979,Bike Buyers,A,769.528322823783,0.9765973173656635,Water Bottle - 30 oz.,Road Bottle Cage,0.06421404682274247,0.6387832699619771,8.784319211763588
14979,Bike Buyers,A,769.528322823783,0.9765973173656635,Water Bottle - 30 oz.,Mountain Bottle Cage,0.0358337314859054,0.3564638783269962,8.21672794425554
15014,Bike Buyers,A,1020.8904590505005,0.9737903310133563,Road Tire Tube,HL Road Tire,0.00926899187768753,0.3180327868852459,24.117486338797814
15014,Bike Buyers,A,1020.8904590505005,0.9737903310133563,Road Tire Tube,LL Road Tire,0.009077878643096034,0.3114754098360656,18.52039865871833
15014,Bike Buyers,A,1020.8904590505005,0.9737903310133563,Road Tire Tube,Patch Kit/8 Patches,0.006784519827998089,0.23278688524590163,6.327570789865871
15030,Bike Buyers,A,1080.8583100988717,0.965373604706032,Water Bottle - 30 oz.,Mountain Bottle Cage,0.0358337314859054,0.3564638783269962,8.21672794425554
15047,Bike Buyers,A,687.0793961167203,0.5151561446227564,Water Bottle - 30 oz.,Mountain Bottle Cage,0.0358337314859054,0.3564638783269962,8.21672794425554
15050,Bike Buyers,A,787.8017930921997,0.9772939766194442,AWC Logo Cap,Water Bottle - 30 oz.,0.015097945532728141,0.2936802973977695,2.9214489660338954
15054,Bike Buyers,A,760.9907465247472,0.9821180096092995,Water Bottle - 30 oz.,Road Bottle Cage,0.06421404682274247,0.6387832699619771,8.784319211763588
15080,Bike Buyers,A,1472.6289857534798,0.9866058321924674,Water Bottle - 30 oz.,Mountain Bottle Cage,0.0358337314859054,0.3564638783269962,8.21672794425554
15082,Bike Buyers,A,1542.86750944748,0.977675468578635,Hydration Pack - 70 oz.,Water Bottle - 30 oz.,0.005924510272336359,0.4,3.979087452471483
15084,Bike Buyers,A,1277.461871495408,0.9634098050347134,Water Bottle - 30 oz.,Road Bottle Cage,0.06421404682274247,0.6387832699619771,8.784319211763588
15100,Bike Buyers,A,1242.7946298138315,0.9200379977049997,Mountain Bottle Cage,Water Bottle - 30 oz.,0.0358337314859054,0.8259911894273128,8.21672794425554
15101,Bike Buyers,A,1241.1815003284378,0.9409948575837018,HL Mountain Tire,Patch Kit/8 Patches,0.006020066889632107,0.27391304347826084,7.445454545454544
15116,Bike Buyers,A,1284.872307824055,0.9168061646459977,AWC Logo Cap,Water Bottle - 30 oz.,0.015097945532728141,0.2936802973977695,2.9214489660338954
15155,Bike Buyers,A,603.749413252262,0.9801218209460008,HL Mountain Tire,Patch Kit/8 Patches,0.006020066889632107,0.27391304347826084,7.445454545454544
15175,Bike Buyers,A,597.3325451278542,0.8044122172027877,AWC Logo Cap,Water Bottle - 30 oz.,0.015097945532728141,0.2936802973977695,2.9214489660338954
15176,Bike Buyers,A,543.6905488731488,0.7774282534217222,Water Bottle - 30 oz.,Road Bottle Cage,0.06421404682274247,0.6387832699619771,8.784319211763588
15187,Bike Buyers,A,566.4955012931329,0.7334948015605194,Mountain Bottle Cage,Water Bottle - 30 oz.,0.0358337314859054,0.8259911894273128,8.21672794425554
15201,Bike Buyers,A,588.6862563923484,0.6212098902901695,HL Mountain Tire,Patch Kit/8 Patches,0.006020066889632107,0.27391304347826084,7.445454545454544
15304,Bike Buyers,A,554.679641079565,0.5500577885515566,Water Bottle - 30 oz.,Road Bottle Cage,0.06421404682274247,0.6387832699619771,8.784319211763588
15357,Bike Buyers,A,1300.22852092453,0.8980178510766407,Water Bottle - 30 oz.,Road Bottle Cage,0.06421404682274247,0.6387832699619771,8.784319211763588
15363,Bike Buyers,A,585.952510585973,0.8320892654215329,Water Bottle - 30 oz.,Road Bottle Cage,0.06421404682274247,0.6387832699619771,8.784319211763588
15391,Bike Buyers,A,599.2064340831452,0.7653816702310685,HL Mountain Tire,Patch Kit/8 Patches,0.006020066889632107,0.27391304347826084,7.445454545454544
15395,Bike Buyers,A,590.6973459429314,0.5614847736775663,HL Mountain Tire,Mountain Tire Tube,0.015002388915432393,0.6826086956521739,32.177927927927925
15395,Bike Buyers,A,590.6973459429314,0.5614847736775663,HL Mountain Tire,Patch Kit/8 Patches,0.006020066889632107,0.27391304347826084,7.445454545454544
15490,Bike Buyers,A,613.808922681939,0.7387173520671351,HL Mountain Tire,Patch Kit/8 Patches,0.006020066889632107,0.27391304347826084,7.445454545454544
15626,Bike Buyers,A,1341.005424695507,0.8312097174279339,Water Bottle - 30 oz.,Mountain Bottle Cage,0.0358337314859054,0.3564638783269962,8.21672794425554
15627,Bike Buyers,A,912.5086329394547,0.7884314903409995,Water Bottle - 30 oz.,Mountain Bottle Cage,0.0358337314859054,0.3564638783269962,8.21672794425554
15675,Bike Buyers,A,995.8202865042623,0.7813324484670495,AWC Logo Cap,Water Bottle - 30 oz.,0.015097945532728141,0.2936802973977695,2.9214489660338954
15684,Bike Buyers,A,1344.875572248744,0.8472304615939535,AWC Logo Cap,Water Bottle - 30 oz.,0.015097945532728141,0.2936802973977695,2.9214489660338954
15685,Bike Buyers,A,1416.4335580868633,0.9417366475005989,AWC Logo Cap,Water Bottle - 30 oz.,0.015097945532728141,0.2936802973977695,2.9214489660338954
15688,Bike Buyers,A,1553.9671025669306,0.9823124255836813,AWC Logo Cap,Water Bottle - 30 oz.,0.015097945532728141,0.2936802973977695,2.9214489660338954
15693,Bike Buyers,A,1365.7297531012941,0.9585163917537199,AWC Logo Cap,Water Bottle - 30 oz.,0.015097945532728141,0.2936802973977695,2.9214489660338954
15700,Bike Buyers,A,1609.4358925735694,0.9770000842369145,HL Mountain Tire,Mountain Tire Tube,0.015002388915432393,0.6826086956521739,32.177927927927925
15700,Bike Buyers,A,1609.4358925735694,0.9770000842369145,HL Mountain Tire,Patch Kit/8 Patches,0.006020066889632107,0.27391304347826084,7.445454545454544
15710,Bike Buyers,A,1562.6571366226513,0.9841451484211039,Road Tire Tube,HL Road Tire,0.00926899187768753,0.3180327868852459,24.117486338797814
15710,Bike Buyers,A,1562.6571366226513,0.9841451484211039,Road Tire Tube,LL Road Tire,0.009077878643096034,0.3114754098360656,18.52039865871833
15710,Bike Buyers,A,1562.6571366226513,0.9841451484211039,Road Tire Tube,Patch Kit/8 Patches,0.006784519827998089,0.23278688524590163,6.327570789865871
15792,Bike Buyers,A,811.7952942075499,0.9613584017520399,AWC Logo Cap,Water Bottle - 30 oz.,0.015097945532728141,0.2936802973977695,2.9214489660338954
15830,Bike Buyers,A,849.3254426298851,0.976311090658295,Water Bottle - 30 oz.,Road Bottle Cage,0.06421404682274247,0.6387832699619771,8.784319211763588
15831,Bike Buyers,A,815.1169454585628,0.9701603338231539,Mountain Tire Tube,HL Mountain Tire,0.015002388915432393,0.7072072072072072,32.177927927927925
15850,Bike Buyers,A,610.6922680013497,0.7796239876315134,Hydration Pack - 70 oz.,Water Bottle - 30 oz.,0.005924510272336359,0.4,3.979087452471483
15926,Bike Buyers,A,1334.640818431824,0.9401128379636415,Water Bottle - 30 oz.,Road Bottle Cage,0.06421404682274247,0.6387832699619771,8.784319211763588
15927,Bike Buyers,A,1335.7431555288063,0.8729111546758965,HL Mountain Tire,Mountain Tire Tube,0.015002388915432393,0.6826086956521739,32.177927927927925
15928,Bike Buyers,A,1366.298288614604,0.9628201265908762,Water Bottle - 30 oz.,Road Bottle Cage,0.06421404682274247,0.6387832699619771,8.784319211763588
15931,Bike Buyers,A,822.1424286380246,0.8436225451193866,"Road-750 Black, 52",Road Bottle Cage,0.006975633062589585,0.39673913043478265,5.455814717477004
15931,Bike Buyers,A,822.1424286380246,0.8436225451193866,"Road-750 Black, 52",Water Bottle - 30 oz.,0.0063067367415193505,0.3586956521739131,3.5682034220532324
16160,Bike Buyers,A,820.5323645629658,0.9850134140624683,Mountain Tire Tube,HL Mountain Tire,0.015002388915432393,0.7072072072072072,32.177927927927925
16160,Bike Buyers,A,820.5323645629658,0.9850134140624683,Mountain Tire Tube,Patch Kit/8 Patches,0.00544672718585762,0.25675675675675674,6.979115479115478
16201,Bike Buyers,A,588.3971558216226,0.9851775493109389,Hydration Pack - 70 oz.,Water Bottle - 30 oz.,0.005924510272336359,0.4,3.979087452471483
16311,Bike Buyers,A,583.8559393428935,0.9692179333234473,Mountain Tire Tube,HL Mountain Tire,0.015002388915432393,0.7072072072072072,32.177927927927925
16313,Bike Buyers,A,1108.384647250339,0.9619745236282317,Water Bottle - 30 oz.,Mountain Bottle Cage,0.0358337314859054,0.3564638783269962,8.21672794425554
16316,Bike Buyers,A,1038.8246957518986,0.9582640547184115,HL Road Tire,Road Tire Tube,0.00926899187768753,0.7028985507246376,24.11748633879781
16324,Bike Buyers,A,662.4387472453482,0.9562017467524754,Mountain Tire Tube,HL Mountain Tire,0.015002388915432393,0.7072072072072072,32.177927927927925
16324,Bike Buyers,A,662.4387472453482,0.9562017467524754,Mountain Tire Tube,Patch Kit/8 Patches,0.00544672718585762,0.25675675675675674,6.979115479115478
16327,Bike Buyers,A,1031.9889511873403,0.9441214141527319,Water Bottle - 30 oz.,Mountain Bottle Cage,0.0358337314859054,0.3564638783269962,8.21672794425554
16362,Bike Buyers,A,514.5384672087714,0.9137635886774939,Road Tire Tube,ML Road Tire,0.010797897754419493,0.3704918032786885,23.933313094515277
16362,Bike Buyers,A,514.5384672087714,0.9137635886774939,Road Tire Tube,LL Road Tire,0.009077878643096034,0.3114754098360656,18.52039865871833
16364,Bike Buyers,A,521.0128748029679,0.916408641733846,Road Tire Tube,ML Road Tire,0.010797897754419493,0.3704918032786885,23.933313094515277
16364,Bike Buyers,A,521.0128748029679,0.916408641733846,Road Tire Tube,LL Road Tire,0.009077878643096034,0.3114754098360656,18.52039865871833
16372,Bike Buyers,A,497.23738050103174,0.9119020863050982,Road Tire Tube,ML Road Tire,0.010797897754419493,0.3704918032786885,23.933313094515277
16372,Bike Buyers,A,497.23738050103174,0.9119020863050982,Road Tire Tube,LL Road Tire,0.009077878643096034,0.3114754098360656,18.52039865871833
16373,Bike Buyers,A,531.8360881063384,0.8563505115643468,Road Tire Tube,ML Road Tire,0.010797897754419493,0.3704918032786885,23.933313094515277
16373,Bike Buyers,A,531.8360881063384,0.8563505115643468,Road Tire Tube,LL Road Tire,0.009077878643096034,0.3114754098360656,18.52039865871833
16373,Bike Buyers,A,531.8360881063384,0.8563505115643468,Road Tire Tube,Patch Kit/8 Patches,0.006784519827998089,0.23278688524590163,6.327570789865871
16388,Bike Buyers,A,1276.432075836113,0.9440634999217052,Water Bottle - 30 oz.,Mountain Bottle Cage,0.0358337314859054,0.3564638783269962,8.21672794425554
16389,Bike Buyers,A,1016.3233937862941,0.8421901422195293,Water Bottle - 30 oz.,Mountain Bottle Cage,0.0358337314859054,0.3564638783269962,8.21672794425554
16390,Bike Buyers,A,1052.5312294435855,0.9226399336130051,HL Road Tire,Road Tire Tube,0.00926899187768753,0.7028985507246376,24.11748633879781
16400,Bike Buyers,A,1360.7590912466646,0.9899116395947113,Road Tire Tube,ML Road Tire,0.010797897754419493,0.3704918032786885,23.933313094515277
16400,Bike Buyers,A,1360.7590912466646,0.9899116395947113,Road Tire Tube,LL Road Tire,0.009077878643096034,0.3114754098360656,18.52039865871833
16400,Bike Buyers,A,1360.7590912466646,0.9899116395947113,Road Tire Tube,Patch Kit/8 Patches,0.006784519827998089,0.23278688524590163,6.327570789865871
16408,Bike Buyers,A,1314.2331406780888,0.9750784295325166,Water Bottle - 30 oz.,Mountain Bottle Cage,0.0358337314859054,0.3564638783269962,8.21672794425554
16409,Bike Buyers,A,1105.375441821613,0.9432234425348297,Water Bottle - 30 oz.,Mountain Bottle Cage,0.0358337314859054,0.3564638783269962,8.21672794425554
16412,Bike Buyers,A,1380.5456027107336,0.9772427214083287,HL Road Tire,Road Tire Tube,0.00926899187768753,0.7028985507246376,24.11748633879781
16414,Bike Buyers,A,1139.7062186458845,0.9620853176742291,HL Road Tire,Road Tire Tube,0.00926899187768753,0.7028985507246376,24.11748633879781
16415,Bike Buyers,A,1460.018654085655,0.9788804258948075,AWC Logo Cap,Water Bottle - 30 oz.,0.015097945532728141,0.2936802973977695,2.9214489660338954
16427,Bike Buyers,A,605.6201044588583,0.9739353099829967,Water Bottle - 30 oz.,Road Bottle Cage,0.06421404682274247,0.6387832699619771,8.784319211763588
16429,Bike Buyers,A,1173.4351248032929,0.8592268719687235,Road Tire Tube,ML Road Tire,0.010797897754419493,0.3704918032786885,23.933313094515277
16429,Bike Buyers,A,1173.4351248032929,0.8592268719687235,Road Tire Tube,LL Road Tire,0.009077878643096034,0.3114754098360656,18.52039865871833
16429,Bike Buyers,A,1173.4351248032929,0.8592268719687235,Road Tire Tube,Patch Kit/8 Patches,0.006784519827998089,0.23278688524590163,6.327570789865871
16430,Bike Buyers,A,1386.1542297956785,0.9880782578639772,Water Bottle - 30 oz.,Mountain Bottle Cage,0.0358337314859054,0.3564638783269962,8.21672794425554
16432,Bike Buyers,A,1367.3370118304736,0.9884653576632305,Road Bottle Cage,Water Bottle - 30 oz.,0.06421404682274247,0.8830486202365307,8.784319211763588
16433,Bike Buyers,A,1368.654843819805,0.9883353690836663,Road Tire Tube,ML Road Tire,0.010797897754419493,0.3704918032786885,23.933313094515277
16433,Bike Buyers,A,1368.654843819805,0.9883353690836663,Road Tire Tube,LL Road Tire,0.009077878643096034,0.3114754098360656,18.52039865871833
16433,Bike Buyers,A,1368.654843819805,0.9883353690836663,Road Tire Tube,Patch Kit/8 Patches,0.006784519827998089,0.23278688524590163,6.327570789865871
16436,Bike Buyers,A,1445.2067654038647,0.9855400063657302,Road Tire Tube,ML Road Tire,0.010797897754419493,0.3704918032786885,23.933313094515277
16436,Bike Buyers,A,1445.2067654038647,0.9855400063657302,Road Tire Tube,LL Road Tire,0.009077878643096034,0.3114754098360656,18.52039865871833
16436,Bike Buyers,A,1445.2067654038647,0.9855400063657302,Road Tire Tube,Patch Kit/8 Patches,0.006784519827998089,0.23278688524590163,6.327570789865871
16442,Bike Buyers,A,1137.4361202584514,0.910440058451302,Road Tire Tube,ML Road Tire,0.010797897754419493,0.3704918032786885,23.933313094515277
16442,Bike Buyers,A,1137.4361202584514,0.910440058451302,Road Tire Tube,LL Road Tire,0.009077878643096034,0.3114754098360656,18.52039865871833
16442,Bike Buyers,A,1137.4361202584514,0.910440058451302,Road Tire Tube,Patch Kit/8 Patches,0.006784519827998089,0.23278688524590163,6.327570789865871
16447,Bike Buyers,A,629.5237917911203,0.9762677154046575,Water Bottle - 30 oz.,Road Bottle Cage,0.06421404682274247,0.6387832699619771,8.784319211763588
16514,Bike Buyers,A,638.2452078578568,0.9945960259373277,AWC Logo Cap,Water Bottle - 30 oz.,0.015097945532728141,0.2936802973977695,2.9214489660338954
16520,Bike Buyers,A,630.6207330766845,0.9638956031292463,Road Tire Tube,HL Road Tire,0.00926899187768753,0.3180327868852459,24.117486338797814
16520,Bike Buyers,A,630.6207330766845,0.9638956031292463,Road Tire Tube,LL Road Tire,0.009077878643096034,0.3114754098360656,18.52039865871833
16520,Bike Buyers,A,630.6207330766845,0.9638956031292463,Road Tire Tube,Patch Kit/8 Patches,0.006784519827998089,0.23278688524590163,6.327570789865871
16570,Bike Buyers,A,1305.8561500288426,0.985311374482948,ML Road Tire,Road Tire Tube,0.010797897754419493,0.6975308641975307,23.933313094515277
16580,Bike Buyers,A,956.8945394654785,0.8993984522637344,Road Tire Tube,HL Road Tire,0.00926899187768753,0.3180327868852459,24.117486338797814
16580,Bike Buyers,A,956.8945394654785,0.8993984522637344,Road Tire Tube,ML Road Tire,0.010797897754419493,0.3704918032786885,23.933313094515277
16580,Bike Buyers,A,956.8945394654785,0.8993984522637344,LL Road Tire,Patch Kit/8 Patches,0.005828953655040612,0.34659090909090906,9.420971074380164
16673,Bike Buyers,A,622.6612015302771,0.9443392043651943,Water Bottle - 30 oz.,Mountain Bottle Cage,0.0358337314859054,0.3564638783269962,8.21672794425554
16675,Bike Buyers,A,599.4984867636783,0.9074845160826944,Mountain Tire Tube,HL Mountain Tire,0.015002388915432393,0.7072072072072072,32.177927927927925
16687,Bike Buyers,A,829.6349713781988,0.9977924737016173,Water Bottle - 30 oz.,Mountain Bottle Cage,0.0358337314859054,0.3564638783269962,8.21672794425554
16693,Bike Buyers,A,840.7923102330298,0.9987432096534197,Road Tire Tube,ML Road Tire,0.010797897754419493,0.3704918032786885,23.933313094515277
16693,Bike Buyers,A,840.7923102330298,0.9987432096534197,Road Tire Tube,LL Road Tire,0.009077878643096034,0.3114754098360656,18.52039865871833
16703,Bike Buyers,A,836.5227595555342,0.9988322177071695,Water Bottle - 30 oz.,Mountain Bottle Cage,0.0358337314859054,0.3564638783269962,8.21672794425554
16708,Bike Buyers,A,610.5537115478692,0.9618303574459401,Water Bottle - 30 oz.,Road Bottle Cage,0.06421404682274247,0.6387832699619771,8.784319211763588
16708,Bike Buyers,A,610.5537115478692,0.9618303574459401,Water Bottle - 30 oz.,Mountain Bottle Cage,0.0358337314859054,0.3564638783269962,8.21672794425554
16713,Bike Buyers,A,846.3860575851631,0.9990647133871031,Water Bottle - 30 oz.,Mountain Bottle Cage,0.0358337314859054,0.3564638783269962,8.21672794425554
16740,Bike Buyers,A,831.461583062434,0.9973198385558767,Water Bottle - 30 oz.,Mountain Bottle Cage,0.0358337314859054,0.3564638783269962,8.21672794425554
16742,Bike Buyers,A,839.2928429295163,0.997927823212733,Water Bottle - 30 oz.,Mountain Bottle Cage,0.0358337314859054,0.3564638783269962,8.21672794425554
16743,Bike Buyers,A,826.2134111334658,0.9959413942861762,Water Bottle - 30 oz.,Mountain Bottle Cage,0.0358337314859054,0.3564638783269962,8.21672794425554
16744,Bike Buyers,A,838.6651002580727,0.9979733450682045,Water Bottle - 30 oz.,Mountain Bottle Cage,0.0358337314859054,0.3564638783269962,8.21672794425554
16747,Bike Buyers,A,628.0007237504278,0.9508317210979788,Road Tire Tube,ML Road Tire,0.010797897754419493,0.3704918032786885,23.933313094515277
16747,Bike Buyers,A,628.0007237504278,0.9508317210979788,Road Tire Tube,LL Road Tire,0.009077878643096034,0.3114754098360656,18.52039865871833
16747,Bike Buyers,A,628.0007237504278,0.9508317210979788,Road Tire Tube,Patch Kit/8 Patches,0.006784519827998089,0.23278688524590163,6.327570789865871
16751,Bike Buyers,A,671.9379684651248,0.956062878132104,Water Bottle - 30 oz.,Mountain Bottle Cage,0.0358337314859054,0.3564638783269962,8.21672794425554
16931,Bike Buyers,A,659.9491566255828,0.9784552624860736,Water Bottle - 30 oz.,Mountain Bottle Cage,0.0358337314859054,0.3564638783269962,8.21672794425554
16937,Bike Buyers,A,1233.8715103531538,0.9608041618420524,AWC Logo Cap,Water Bottle - 30 oz.,0.015097945532728141,0.2936802973977695,2.9214489660338954
17045,Bike Buyers,A,620.791544479854,0.9836698837299513,AWC Logo Cap,Water Bottle - 30 oz.,0.015097945532728141,0.2936802973977695,2.9214489660338954
17051,Bike Buyers,A,828.2573425677787,0.9989875290838286,Road Tire Tube,ML Road Tire,0.010797897754419493,0.3704918032786885,23.933313094515277
17051,Bike Buyers,A,828.2573425677787,0.9989875290838286,Road Tire Tube,LL Road Tire,0.009077878643096034,0.3114754098360656,18.52039865871833
17080,Bike Buyers,A,530.869038137175,0.9868925218632152,Road Tire Tube,HL Road Tire,0.00926899187768753,0.3180327868852459,24.117486338797814
17080,Bike Buyers,A,530.869038137175,0.9868925218632152,Road Tire Tube,LL Road Tire,0.009077878643096034,0.3114754098360656,18.52039865871833
17082,Bike Buyers,A,995.5057108964058,0.969299360929951,AWC Logo Cap,Water Bottle - 30 oz.,0.015097945532728141,0.2936802973977695,2.9214489660338954
17085,Bike Buyers,A,693.3066131782753,0.9684798616609674,Mountain Tire Tube,HL Mountain Tire,0.015002388915432393,0.7072072072072072,32.177927927927925
17085,Bike Buyers,A,693.3066131782753,0.9684798616609674,Mountain Tire Tube,Patch Kit/8 Patches,0.00544672718585762,0.25675675675675674,6.979115479115478
17095,Bike Buyers,A,522.118847005939,0.9910930278764284,AWC Logo Cap,Water Bottle - 30 oz.,0.015097945532728141,0.2936802973977695,2.9214489660338954
17109,Bike Buyers,A,580.2926191128204,0.9877917410217416,Water Bottle - 30 oz.,Mountain Bottle Cage,0.0358337314859054,0.3564638783269962,8.21672794425554
17198,Bike Buyers,A,1313.4312103455768,0.9292576367988806,Water Bottle - 30 oz.,Mountain Bottle Cage,0.0358337314859054,0.3564638783269962,8.21672794425554
17280,Bike Buyers,A,857.0746763466417,0.9981484471534392,Water Bottle - 30 oz.,Mountain Bottle Cage,0.0358337314859054,0.3564638783269962,8.21672794425554
17285,Bike Buyers,A,861.9938498792001,0.9962005162681518,Road Tire Tube,ML Road Tire,0.010797897754419493,0.3704918032786885,23.933313094515277
17285,Bike Buyers,A,861.9938498792001,0.9962005162681518,Road Tire Tube,LL Road Tire,0.009077878643096034,0.3114754098360656,18.52039865871833
17285,Bike Buyers,A,861.9938498792001,0.9962005162681518,Road Tire Tube,Patch Kit/8 Patches,0.006784519827998089,0.23278688524590163,6.327570789865871
17309,Bike Buyers,A,843.0288042364176,0.998879435846581,Road Bottle Cage,Water Bottle - 30 oz.,0.06421404682274247,0.8830486202365307,8.784319211763588
17315,Bike Buyers,A,843.7436211662654,0.9989757420377817,Road Bottle Cage,Water Bottle - 30 oz.,0.06421404682274247,0.8830486202365307,8.784319211763588
17351,Bike Buyers,A,866.9416818382527,0.9976542903527967,Road Tire Tube,ML Road Tire,0.010797897754419493,0.3704918032786885,23.933313094515277
17351,Bike Buyers,A,866.9416818382527,0.9976542903527967,Road Tire Tube,LL Road Tire,0.009077878643096034,0.3114754098360656,18.52039865871833
17351,Bike Buyers,A,866.9416818382527,0.9976542903527967,Road Tire Tube,Patch Kit/8 Patches,0.006784519827998089,0.23278688524590163,6.327570789865871
17353,Bike Buyers,A,873.3206715493704,0.999013693047404,Water Bottle - 30 oz.,Mountain Bottle Cage,0.0358337314859054,0.3564638783269962,8.21672794425554
17511,Bike Buyers,A,598.7224596394204,0.9118399327762396,Mountain Tire Tube,HL Mountain Tire,0.015002388915432393,0.7072072072072072,32.177927927927925
17514,Bike Buyers,A,598.5729630483371,0.9478059661147503,Water Bottle - 30 oz.,Road Bottle Cage,0.06421404682274247,0.6387832699619771,8.784319211763588
17627,Bike Buyers,A,687.8771689319539,0.9680845814072117,Mountain Tire Tube,HL Mountain Tire,0.015002388915432393,0.7072072072072072,32.177927927927925
17627,Bike Buyers,A,687.8771689319539,0.9680845814072117,Mountain Tire Tube,Patch Kit/8 Patches,0.00544672718585762,0.25675675675675674,6.979115479115478
17629,Bike Buyers,A,1136.1387232975587,0.9759021142656616,Road Tire Tube,HL Road Tire,0.00926899187768753,0.3180327868852459,24.117486338797814
17629,Bike Buyers,A,1136.1387232975587,0.9759021142656616,Road Tire Tube,LL Road Tire,0.009077878643096034,0.3114754098360656,18.52039865871833
17629,Bike Buyers,A,1136.1387232975587,0.9759021142656616,Road Tire Tube,Patch Kit/8 Patches,0.006784519827998089,0.23278688524590163,6.327570789865871
17632,Bike Buyers,A,726.3930003555432,0.9709145757529738,Water Bottle - 30 oz.,Road Bottle Cage,0.06421404682274247,0.6387832699619771,8.784319211763588
17633,Bike Buyers,A,609.7432743702035,0.9921735020771079,Road Tire Tube,HL Road Tire,0.00926899187768753,0.3180327868852459,24.117486338797814
17633,Bike Buyers,A,609.7432743702035,0.9921735020771079,Road Tire Tube,LL Road Tire,0.009077878643096034,0.3114754098360656,18.52039865871833
17635,Bike Buyers,A,1112.3594635067316,0.9725934806692906,AWC Logo Cap,Water Bottle - 30 oz.,0.015097945532728141,0.2936802973977695,2.9214489660338954
17644,Bike Buyers,A,736.8113467716136,0.9550661431765656,AWC Logo Cap,Water Bottle - 30 oz.,0.015097945532728141,0.2936802973977695,2.9214489660338954
17700,Bike Buyers,A,669.3568537936746,0.9889349219854584,AWC Logo Cap,Water Bottle - 30 oz.,0.015097945532728141,0.2936802973977695,2.9214489660338954
17720,Bike Buyers,A,680.5290831525313,0.9047090453428873,AWC Logo Cap,Water Bottle - 30 oz.,0.015097945532728141,0.2936802973977695,2.9214489660338954
17726,Bike Buyers,A,694.352908369551,0.9324484185293349,Water Bottle - 30 oz.,Mountain Bottle Cage,0.0358337314859054,0.3564638783269962,8.21672794425554
17728,Bike Buyers,A,678.6416492122408,0.9830867628946184,Road Tire Tube,HL Road Tire,0.00926899187768753,0.3180327868852459,24.117486338797814
17728,Bike Buyers,A,678.6416492122408,0.9830867628946184,Road Tire Tube,LL Road Tire,0.009077878643096034,0.3114754098360656,18.52039865871833
17730,Bike Buyers,A,687.8018915759774,0.9857148179216816,Road Tire Tube,HL Road Tire,0.00926899187768753,0.3180327868852459,24.117486338797814
17730,Bike Buyers,A,687.8018915759774,0.9857148179216816,Road Tire Tube,LL Road Tire,0.009077878643096034,0.3114754098360656,18.52039865871833
17730,Bike Buyers,A,687.8018915759774,0.9857148179216816,Road Tire Tube,Patch Kit/8 Patches,0.006784519827998089,0.23278688524590163,6.327570789865871
17741,Bike Buyers,A,1123.9974471807436,0.9064435300812147,Road Tire Tube,HL Road Tire,0.00926899187768753,0.3180327868852459,24.117486338797814
17741,Bike Buyers,A,1123.9974471807436,0.9064435300812147,Road Tire Tube,LL Road Tire,0.009077878643096034,0.3114754098360656,18.52039865871833
17741,Bike Buyers,A,1123.9974471807436,0.9064435300812147,Road Tire Tube,Patch Kit/8 Patches,0.006784519827998089,0.23278688524590163,6.327570789865871
17744,Bike Buyers,A,685.5783734773244,0.972600113573747,AWC Logo Cap,Water Bottle - 30 oz.,0.015097945532728141,0.2936802973977695,2.9214489660338954
17752,Bike Buyers,A,712.8740011632872,0.9598494203164479,ML Road Tire,Road Tire Tube,0.010797897754419493,0.6975308641975307,23.933313094515277
17753,Bike Buyers,A,739.0441635528654,0.9676531640899444,Water Bottle - 30 oz.,Road Bottle Cage,0.06421404682274247,0.6387832699619771,8.784319211763588
17756,Bike Buyers,A,694.0080685472241,0.9499986027104814,Water Bottle - 30 oz.,Mountain Bottle Cage,0.0358337314859054,0.3564638783269962,8.21672794425554
17764,Bike Buyers,A,1106.5119323595468,0.9674838098402258,Water Bottle - 30 oz.,Mountain Bottle Cage,0.0358337314859054,0.3564638783269962,8.21672794425554
17765,Bike Buyers,A,1122.7433697702384,0.9730788333936349,AWC Logo Cap,Water Bottle - 30 oz.,0.015097945532728141,0.2936802973977695,2.9214489660338954
17769,Bike Buyers,A,1121.8614114535626,0.9852784634871647,ML Road Tire,Road Tire Tube,0.010797897754419493,0.6975308641975307,23.933313094515277
17770,Bike Buyers,A,725.4333231266626,0.9601849021354856,Water Bottle - 30 oz.,Mountain Bottle Cage,0.0358337314859054,0.3564638783269962,8.21672794425554
17772,Bike Buyers,A,688.9430461012254,0.9672864336844668,Water Bottle - 30 oz.,Road Bottle Cage,0.06421404682274247,0.6387832699619771,8.784319211763588
17775,Bike Buyers,A,767.4591667982212,0.8535951507090068,Road Tire Tube,HL Road Tire,0.00926899187768753,0.3180327868852459,24.117486338797814
17775,Bike Buyers,A,767.4591667982212,0.8535951507090068,Road Tire Tube,LL Road Tire,0.009077878643096034,0.3114754098360656,18.52039865871833
17775,Bike Buyers,A,767.4591667982212,0.8535951507090068,Road Tire Tube,Patch Kit/8 Patches,0.006784519827998089,0.23278688524590163,6.327570789865871
17784,Bike Buyers,A,1088.2499754957707,0.9757042206810035,AWC Logo Cap,Water Bottle - 30 oz.,0.015097945532728141,0.2936802973977695,2.9214489660338954
17787,Bike Buyers,A,789.6656362019024,0.9752572014431231,ML Road Tire,Road Tire Tube,0.010797897754419493,0.6975308641975307,23.933313094515277
17790,Bike Buyers,A,775.415404282135,0.850690562145579,AWC Logo Cap,Water Bottle - 30 oz.,0.015097945532728141,0.2936802973977695,2.9214489660338954
17796,Bike Buyers,A,1074.6380414260802,0.9658432726320224,Water Bottle - 30 oz.,Mountain Bottle Cage,0.0358337314859054,0.3564638783269962,8.21672794425554
17798,Bike Buyers,A,790.0164968610596,0.9227348580377337,Water Bottle - 30 oz.,Road Bottle Cage,0.06421404682274247,0.6387832699619771,8.784319211763588
17799,Bike Buyers,A,1085.363762934061,0.9709445932784438,ML Road Tire,Road Tire Tube,0.010797897754419493,0.6975308641975307,23.933313094515277
17803,Bike Buyers,A,710.0355971122456,0.9600642215955476,Water Bottle - 30 oz.,Road Bottle Cage,0.06421404682274247,0.6387832699619771,8.784319211763588
17813,Bike Buyers,A,778.9980257667689,0.9342484743670618,Water Bottle - 30 oz.,Road Bottle Cage,0.06421404682274247,0.6387832699619771,8.784319211763588
17815,Bike Buyers,A,790.8170843756047,0.9325655066328391,Water Bottle - 30 oz.,Road Bottle Cage,0.06421404682274247,0.6387832699619771,8.784319211763588
17824,Bike Buyers,A,1183.8920181767962,0.6767167205086563,Road Tire Tube,HL Road Tire,0.00926899187768753,0.3180327868852459,24.117486338797814
17824,Bike Buyers,A,1183.8920181767962,0.6767167205086563,Road Tire Tube,LL Road Tire,0.009077878643096034,0.3114754098360656,18.52039865871833
17831,Bike Buyers,A,796.5963315114465,0.9796546524124929,Water Bottle - 30 oz.,Mountain Bottle Cage,0.0358337314859054,0.3564638783269962,8.21672794425554
17873,Bike Buyers,A,1148.0813219125107,0.9808694660563376,AWC Logo Cap,Water Bottle - 30 oz.,0.015097945532728141,0.2936802973977695,2.9214489660338954
17890,Bike Buyers,A,686.729569015469,0.9943552767902165,Mountain Bottle Cage,Water Bottle - 30 oz.,0.0358337314859054,0.8259911894273128,8.21672794425554
17892,Bike Buyers,A,760.6466821919986,0.916822523995065,AWC Logo Cap,Water Bottle - 30 oz.,0.015097945532728141,0.2936802973977695,2.9214489660338954
17896,Bike Buyers,A,806.7187006131811,0.9436329606609896,Water Bottle - 30 oz.,Road Bottle Cage,0.06421404682274247,0.6387832699619771,8.784319211763588
17898,Bike Buyers,A,1264.5198412322989,0.9826735523275025,Road Tire Tube,HL Road Tire,0.00926899187768753,0.3180327868852459,24.117486338797814
17898,Bike Buyers,A,1264.5198412322989,0.9826735523275025,Road Tire Tube,LL Road Tire,0.009077878643096034,0.3114754098360656,18.52039865871833
17898,Bike Buyers,A,1264.5198412322989,0.9826735523275025,Road Tire Tube,Patch Kit/8 Patches,0.006784519827998089,0.23278688524590163,6.327570789865871
17902,Bike Buyers,A,1258.6841206134284,0.9863700548459091,Water Bottle - 30 oz.,Mountain Bottle Cage,0.0358337314859054,0.3564638783269962,8.21672794425554
17933,Bike Buyers,A,828.8422626599022,0.9498621543337974,Mountain Bottle Cage,Water Bottle - 30 oz.,0.0358337314859054,0.8259911894273128,8.21672794425554
18207,Bike Buyers,A,909.025016700863,0.9981639377685554,Water Bottle - 30 oz.,Mountain Bottle Cage,0.0358337314859054,0.3564638783269962,8.21672794425554
18208,Bike Buyers,A,899.3460771948585,0.9968198618565438,Water Bottle - 30 oz.,Mountain Bottle Cage,0.0358337314859054,0.3564638783269962,8.21672794425554
18210,Bike Buyers,A,891.8254103485446,0.9975656330258308,Water Bottle - 30 oz.,Mountain Bottle Cage,0.0358337314859054,0.3564638783269962,8.21672794425554
18213,Bike Buyers,A,902.1108789837579,0.9969825297326935,Water Bottle - 30 oz.,Mountain Bottle Cage,0.0358337314859054,0.3564638783269962,8.21672794425554
18214,Bike Buyers,A,920.3879210007258,0.9977122483923078,Road Tire Tube,ML Road Tire,0.010797897754419493,0.3704918032786885,23.933313094515277
18214,Bike Buyers,A,920.3879210007258,0.9977122483923078,Road Tire Tube,LL Road Tire,0.009077878643096034,0.3114754098360656,18.52039865871833
18214,Bike Buyers,A,920.3879210007258,0.9977122483923078,Road Tire Tube,Patch Kit/8 Patches,0.006784519827998089,0.23278688524590163,6.327570789865871
18219,Bike Buyers,A,906.3344071771671,0.9976768354484435,Road Bottle Cage,Water Bottle - 30 oz.,0.06421404682274247,0.8830486202365307,8.784319211763588
18222,Bike Buyers,A,901.4984574774426,0.9972932510060007,Water Bottle - 30 oz.,Mountain Bottle Cage,0.0358337314859054,0.3564638783269962,8.21672794425554
18238,Bike Buyers,A,891.3588054138671,0.9976846539370404,Road Bottle Cage,Water Bottle - 30 oz.,0.06421404682274247,0.8830486202365307,8.784319211763588
18239,Bike Buyers,A,908.447686896247,0.9967386410789013,Road Bottle Cage,Water Bottle - 30 oz.,0.06421404682274247,0.8830486202365307,8.784319211763588
18240,Bike Buyers,A,917.0024731308054,0.9973296790171218,Water Bottle - 30 oz.,Mountain Bottle Cage,0.0358337314859054,0.3564638783269962,8.21672794425554
18241,Bike Buyers,A,897.041400646144,0.9983875712941034,Road Tire Tube,ML Road Tire,0.010797897754419493,0.3704918032786885,23.933313094515277
18241,Bike Buyers,A,897.041400646144,0.9983875712941034,Road Tire Tube,LL Road Tire,0.009077878643096034,0.3114754098360656,18.52039865871833
18241,Bike Buyers,A,897.041400646144,0.9983875712941034,Road Tire Tube,Patch Kit/8 Patches,0.006784519827998089,0.23278688524590163,6.327570789865871
18242,Bike Buyers,A,925.5375868182067,0.9968016732129054,Road Tire Tube,ML Road Tire,0.010797897754419493,0.3704918032786885,23.933313094515277
18242,Bike Buyers,A,925.5375868182067,0.9968016732129054,Road Tire Tube,LL Road Tire,0.009077878643096034,0.3114754098360656,18.52039865871833
18242,Bike Buyers,A,925.5375868182067,0.9968016732129054,Road Tire Tube,Patch Kit/8 Patches,0.006784519827998089,0.23278688524590163,6.327570789865871
18243,Bike Buyers,A,896.2371412049229,0.9983701870271114,Road Tire Tube,ML Road Tire,0.010797897754419493,0.3704918032786885,23.933313094515277
18243,Bike Buyers,A,896.2371412049229,0.9983701870271114,Road Tire Tube,LL Road Tire,0.009077878643096034,0.3114754098360656,18.52039865871833
18243,Bike Buyers,A,896.2371412049229,0.9983701870271114,Road Tire Tube,Patch Kit/8 Patches,0.006784519827998089,0.23278688524590163,6.327570789865871
18246,Bike Buyers,A,896.9832127785221,0.9970571398740695,Road Bottle Cage,Water Bottle - 30 oz.,0.06421404682274247,0.8830486202365307,8.784319211763588
18248,Bike Buyers,A,908.713688210972,0.9989122747100265,Water Bottle - 30 oz.,Mountain Bottle Cage,0.0358337314859054,0.3564638783269962,8.21672794425554
18249,Bike Buyers,A,904.7696057497539,0.9987792392834982,Water Bottle - 30 oz.,Mountain Bottle Cage,0.0358337314859054,0.3564638783269962,8.21672794425554
18250,Bike Buyers,A,895.4343229244398,0.9991538582678813,Road Tire Tube,ML Road Tire,0.010797897754419493,0.3704918032786885,23.933313094515277
18250,Bike Buyers,A,895.4343229244398,0.9991538582678813,Road Tire Tube,LL Road Tire,0.009077878643096034,0.3114754098360656,18.52039865871833
18250,Bike Buyers,A,895.4343229244398,0.9991538582678813,Road Tire Tube,Patch Kit/8 Patches,0.006784519827998089,0.23278688524590163,6.327570789865871
18251,Bike Buyers,A,911.6956231599723,0.9989852225711134,Water Bottle - 30 oz.,Mountain Bottle Cage,0.0358337314859054,0.3564638783269962,8.21672794425554
18260,Bike Buyers,A,906.7153281803446,0.9988554330865935,Water Bottle - 30 oz.,Mountain Bottle Cage,0.0358337314859054,0.3564638783269962,8.21672794425554
18273,Bike Buyers,A,921.2061031906769,0.9987923207878208,HL Road Tire,Road Tire Tube,0.00926899187768753,0.7028985507246376,24.11748633879781
18288,Bike Buyers,A,928.0340089695037,0.999141602451133,Road Tire Tube,ML Road Tire,0.010797897754419493,0.3704918032786885,23.933313094515277
18288,Bike Buyers,A,928.0340089695037,0.999141602451133,Road Tire Tube,LL Road Tire,0.009077878643096034,0.3114754098360656,18.52039865871833
18288,Bike Buyers,A,928.0340089695037,0.999141602451133,Road Tire Tube,Patch Kit/8 Patches,0.006784519827998089,0.23278688524590163,6.327570789865871
18296,Bike Buyers,A,934.3477999741015,0.9987337426021343,Road Tire Tube,ML Road Tire,0.010797897754419493,0.3704918032786885,23.933313094515277
18296,Bike Buyers,A,934.3477999741015,0.9987337426021343,Road Tire Tube,LL Road Tire,0.009077878643096034,0.3114754098360656,18.52039865871833
18296,Bike Buyers,A,934.3477999741015,0.9987337426021343,Road Tire Tube,Patch Kit/8 Patches,0.006784519827998089,0.23278688524590163,6.327570789865871
18297,Bike Buyers,A,947.7971315890436,0.9985755704374137,AWC Logo Cap,Water Bottle - 30 oz.,0.015097945532728141,0.2936802973977695,2.9214489660338954
18303,Bike Buyers,A,927.0675228390799,0.9986802020020339,Road Bottle Cage,Water Bottle - 30 oz.,0.06421404682274247,0.8830486202365307,8.784319211763588
18308,Bike Buyers,A,922.1715852077898,0.9989147741767911,Water Bottle - 30 oz.,Mountain Bottle Cage,0.0358337314859054,0.3564638783269962,8.21672794425554
18309,Bike Buyers,A,923.375253267357,0.9988779634288671,Water Bottle - 30 oz.,Mountain Bottle Cage,0.0358337314859054,0.3564638783269962,8.21672794425554
18482,Bike Buyers,A,930.535258958128,0.9987318854371585,Road Bottle Cage,Water Bottle - 30 oz.,0.06421404682274247,0.8830486202365307,8.784319211763588
18484,Bike Buyers,A,928.0340089695037,0.999141602451133,Road Tire Tube,ML Road Tire,0.010797897754419493,0.3704918032786885,23.933313094515277
18484,Bike Buyers,A,928.0340089695037,0.999141602451133,Road Tire Tube,LL Road Tire,0.009077878643096034,0.3114754098360656,18.52039865871833
18484,Bike Buyers,A,928.0340089695037,0.999141602451133,Road Tire Tube,Patch Kit/8 Patches,0.006784519827998089,0.23278688524590163,6.327570789865871
18485,Bike Buyers,A,939.0733142004575,0.9987703363334426,HL Road Tire,Road Tire Tube,0.00926899187768753,0.7028985507246376,24.11748633879781
18485,Bike Buyers,A,939.0733142004575,0.9987703363334426,AWC Logo Cap,Water Bottle - 30 oz.,0.015097945532728141,0.2936802973977695,2.9214489660338954
18494,Bike Buyers,A,937.7962664769236,0.996687942997003,Water Bottle - 30 oz.,Mountain Bottle Cage,0.0358337314859054,0.3564638783269962,8.21672794425554
18496,Bike Buyers,A,934.9611884910121,0.9974259230774234,Road Tire Tube,ML Road Tire,0.010797897754419493,0.3704918032786885,23.933313094515277
18496,Bike Buyers,A,934.9611884910121,0.9974259230774234,Road Tire Tube,LL Road Tire,0.009077878643096034,0.3114754098360656,18.52039865871833
18496,Bike Buyers,A,934.9611884910121,0.9974259230774234,Road Tire Tube,Patch Kit/8 Patches,0.006784519827998089,0.23278688524590163,6.327570789865871
18627,Bike Buyers,A,916.818128179945,0.9784789852174844,AWC Logo Cap,Water Bottle - 30 oz.,0.015097945532728141,0.2936802973977695,2.9214489660338954
18691,Bike Buyers,A,942.8703069617013,0.9976982662659728,Water Bottle - 30 oz.,Mountain Bottle Cage,0.0358337314859054,0.3564638783269962,8.21672794425554
18692,Bike Buyers,A,933.0495422676112,0.9985089387681266,Water Bottle - 30 oz.,Mountain Bottle Cage,0.0358337314859054,0.3564638783269962,8.21672794425554
18694,Bike Buyers,A,915.0463265153699,0.998617035528219,Water Bottle - 30 oz.,Mountain Bottle Cage,0.0358337314859054,0.3564638783269962,8.21672794425554
18696,Bike Buyers,A,940.9541041701132,0.9817203625946093,Water Bottle - 30 oz.,Mountain Bottle Cage,0.0358337314859054,0.3564638783269962,8.21672794425554
18699,Bike Buyers,A,819.9460120227756,0.9918648195281977,Road Tire Tube,HL Road Tire,0.00926899187768753,0.3180327868852459,24.117486338797814
18699,Bike Buyers,A,819.9460120227756,0.9918648195281977,Road Tire Tube,LL Road Tire,0.009077878643096034,0.3114754098360656,18.52039865871833
18699,Bike Buyers,A,819.9460120227756,0.9918648195281977,Road Tire Tube,Patch Kit/8 Patches,0.006784519827998089,0.23278688524590163,6.327570789865871
18700,Bike Buyers,A,812.38481163394,0.9841174606166117,Water Bottle - 30 oz.,Mountain Bottle Cage,0.0358337314859054,0.3564638783269962,8.21672794425554
18706,Bike Buyers,A,957.5283913039747,0.9984827242982829,Road Tire Tube,ML Road Tire,0.010797897754419493,0.3704918032786885,23.933313094515277
18706,Bike Buyers,A,957.5283913039747,0.9984827242982829,Road Tire Tube,LL Road Tire,0.009077878643096034,0.3114754098360656,18.52039865871833
18708,Bike Buyers,A,950.5275427295186,0.9983090679370324,HL Road Tire,Road Tire Tube,0.00926899187768753,0.7028985507246376,24.11748633879781
18709,Bike Buyers,A,975.6777882954707,0.994882927975856,Water Bottle - 30 oz.,Mountain Bottle Cage,0.0358337314859054,0.3564638783269962,8.21672794425554
18710,Bike Buyers,A,955.3065485070031,0.9977988506968692,Water Bottle - 30 oz.,Mountain Bottle Cage,0.0358337314859054,0.3564638783269962,8.21672794425554
18718,Bike Buyers,A,966.555036200217,0.997714442644603,Water Bottle - 30 oz.,Mountain Bottle Cage,0.0358337314859054,0.3564638783269962,8.21672794425554
18724,Bike Buyers,A,962.4278644393931,0.9984500331030022,HL Road Tire,Road Tire Tube,0.00926899187768753,0.7028985507246376,24.11748633879781
18725,Bike Buyers,A,948.6585714225372,0.9975543458227086,Water Bottle - 30 oz.,Mountain Bottle Cage,0.0358337314859054,0.3564638783269962,8.21672794425554
18736,Bike Buyers,A,962.8172586536838,0.9980699295353838,Water Bottle - 30 oz.,Mountain Bottle Cage,0.0358337314859054,0.3564638783269962,8.21672794425554
18738,Bike Buyers,A,962.120068466926,0.9983200715574667,Water Bottle - 30 oz.,Mountain Bottle Cage,0.0358337314859054,0.3564638783269962,8.21672794425554
18739,Bike Buyers,A,852.0753922288707,0.8710217100672581,Road Tire Tube,HL Road Tire,0.00926899187768753,0.3180327868852459,24.117486338797814
18739,Bike Buyers,A,852.0753922288707,0.8710217100672581,Road Tire Tube,LL Road Tire,0.009077878643096034,0.3114754098360656,18.52039865871833
18739,Bike Buyers,A,852.0753922288707,0.8710217100672581,Road Tire Tube,Patch Kit/8 Patches,0.006784519827998089,0.23278688524590163,6.327570789865871
18747,Bike Buyers,A,949.3931718867348,0.9981244495990617,Water Bottle - 30 oz.,Mountain Bottle Cage,0.0358337314859054,0.3564638783269962,8.21672794425554
18769,Bike Buyers,A,839.7671807636398,0.9779942913879451,ML Road Tire,Road Tire Tube,0.010797897754419493,0.6975308641975307,23.933313094515277
18899,Bike Buyers,A,642.9544285986908,0.9454928601296586,"Road-750 Black, 48",Road Bottle Cage,0.005924510272336359,0.3263157894736842,4.487378103603292
18899,Bike Buyers,A,642.9544285986908,0.9454928601296586,"Road-750 Black, 48",Water Bottle - 30 oz.,0.005160057333970377,0.28421052631578947,2.827246347808685
18900,Bike Buyers,A,651.9159907547973,0.9551824061073243,Water Bottle - 30 oz.,Mountain Bottle Cage,0.0358337314859054,0.3564638783269962,8.21672794425554
18902,Bike Buyers,A,664.2304850533255,0.9567096148725387,Water Bottle - 30 oz.,Mountain Bottle Cage,0.0358337314859054,0.3564638783269962,8.21672794425554
18903,Bike Buyers,A,655.6073994250903,0.9672457851736331,Road Tire Tube,HL Road Tire,0.00926899187768753,0.3180327868852459,24.117486338797814
18903,Bike Buyers,A,655.6073994250903,0.9672457851736331,Road Tire Tube,ML Road Tire,0.010797897754419493,0.3704918032786885,23.933313094515277
18903,Bike Buyers,A,655.6073994250903,0.9672457851736331,LL Road Tire,Patch Kit/8 Patches,0.005828953655040612,0.34659090909090906,9.420971074380164
18906,Bike Buyers,A,658.3826078797752,0.8946508142449847,Water Bottle - 30 oz.,Mountain Bottle Cage,0.0358337314859054,0.3564638783269962,8.21672794425554
18907,Bike Buyers,A,661.8560992416487,0.9638057724366708,Water Bottle - 30 oz.,Mountain Bottle Cage,0.0358337314859054,0.3564638783269962,8.21672794425554
18908,Bike Buyers,A,971.5810057860804,0.9977191574516939,Water Bottle - 30 oz.,Mountain Bottle Cage,0.0358337314859054,0.3564638783269962,8.21672794425554
18909,Bike Buyers,A,941.8738462450855,0.9975448975208128,Water Bottle - 30 oz.,Mountain Bottle Cage,0.0358337314859054,0.3564638783269962,8.21672794425554
18928,Bike Buyers,A,975.1247649833772,0.9966268568766189,Water Bottle - 30 oz.,Mountain Bottle Cage,0.0358337314859054,0.3564638783269962,8.21672794425554
18930,Bike Buyers,A,960.95919003639,0.9982768638208305,Water Bottle - 30 oz.,Mountain Bottle Cage,0.0358337314859054,0.3564638783269962,8.21672794425554
18931,Bike Buyers,A,960.2868764907738,0.9985399374023052,Road Tire Tube,ML Road Tire,0.010797897754419493,0.3704918032786885,23.933313094515277
18931,Bike Buyers,A,960.2868764907738,0.9985399374023052,Road Tire Tube,LL Road Tire,0.009077878643096034,0.3114754098360656,18.52039865871833
19084,Bike Buyers,A,958.1028660680188,0.9976827059157658,Road Tire Tube,ML Road Tire,0.010797897754419493,0.3704918032786885,23.933313094515277
19084,Bike Buyers,A,958.1028660680188,0.9976827059157658,Road Tire Tube,LL Road Tire,0.009077878643096034,0.3114754098360656,18.52039865871833
19084,Bike Buyers,A,958.1028660680188,0.9976827059157658,Road Tire Tube,Patch Kit/8 Patches,0.006784519827998089,0.23278688524590163,6.327570789865871
19089,Bike Buyers,A,960.8498169467302,0.9976857485416739,Road Tire Tube,ML Road Tire,0.010797897754419493,0.3704918032786885,23.933313094515277
19089,Bike Buyers,A,960.8498169467302,0.9976857485416739,Road Tire Tube,LL Road Tire,0.009077878643096034,0.3114754098360656,18.52039865871833
19089,Bike Buyers,A,960.8498169467302,0.9976857485416739,Road Tire Tube,Patch Kit/8 Patches,0.006784519827998089,0.23278688524590163,6.327570789865871
19093,Bike Buyers,A,949.959654060034,0.9974896038025123,Water Bottle - 30 oz.,Mountain Bottle Cage,0.0358337314859054,0.3564638783269962,8.21672794425554
19096,Bike Buyers,A,978.2009298846233,0.997868184571268,Water Bottle - 30 oz.,Mountain Bottle Cage,0.0358337314859054,0.3564638783269962,8.21672794425554
19099,Bike Buyers,A,990.0905376127266,0.9985481130571995,AWC Logo Cap,Water Bottle - 30 oz.,0.015097945532728141,0.2936802973977695,2.9214489660338954
19264,Bike Buyers,A,669.8404846159468,0.959974829235603,Water Bottle - 30 oz.,Mountain Bottle Cage,0.0358337314859054,0.3564638783269962,8.21672794425554
19269,Bike Buyers,A,663.0200390953224,0.9542826350204657,"Road-750 Black, 58",Road Bottle Cage,0.0061156235069278544,0.37647058823529406,5.177088969622013
19269,Bike Buyers,A,663.0200390953224,0.9542826350204657,"Road-750 Black, 58",Water Bottle - 30 oz.,0.005351170568561873,0.3294117647058823,3.276895549094162
19270,Bike Buyers,A,664.4653494418264,0.968121308729754,"Road-750 Black, 44",Road Bottle Cage,0.007453416149068323,0.42857142857142855,5.893561103810775
19270,Bike Buyers,A,664.4653494418264,0.968121308729754,"Road-750 Black, 44",Water Bottle - 30 oz.,0.0061156235069278544,0.3516483516483516,3.498098859315589
19271,Bike Buyers,A,667.9938649267317,0.967330467672576,"Road-750 Black, 58",Road Bottle Cage,0.0061156235069278544,0.37647058823529406,5.177088969622013
19271,Bike Buyers,A,667.9938649267317,0.967330467672576,"Road-750 Black, 58",Water Bottle - 30 oz.,0.005351170568561873,0.3294117647058823,3.276895549094162
19341,Bike Buyers,A,823.7057689888693,0.9447776463428135,Hydration Pack - 70 oz.,Water Bottle - 30 oz.,0.005924510272336359,0.4,3.979087452471483
19360,Bike Buyers,A,820.9043444301632,0.9583237736417728,Water Bottle - 30 oz.,Mountain Bottle Cage,0.0358337314859054,0.3564638783269962,8.21672794425554
19380,Bike Buyers,A,503.4802002783799,0.9709749097960927,Road Tire Tube,HL Road Tire,0.00926899187768753,0.3180327868852459,24.117486338797814
19380,Bike Buyers,A,503.4802002783799,0.9709749097960927,Road Tire Tube,LL Road Tire,0.009077878643096034,0.3114754098360656,18.52039865871833
19416,Bike Buyers,A,827.8864588757506,0.9635418956719891,HL Road Tire,Road Tire Tube,0.00926899187768753,0.7028985507246376,24.11748633879781
19418,Bike Buyers,A,841.2323556197126,0.957114606884277,HL Road Tire,Road Tire Tube,0.00926899187768753,0.7028985507246376,24.11748633879781
19421,Bike Buyers,A,539.829074172119,0.9547414463419581,ML Road Tire,Road Tire Tube,0.010797897754419493,0.6975308641975307,23.933313094515277
19424,Bike Buyers,A,843.5956656480053,0.9516174709865541,Water Bottle - 30 oz.,Mountain Bottle Cage,0.0358337314859054,0.3564638783269962,8.21672794425554
19427,Bike Buyers,A,538.2247975250714,0.9677942951447992,Road Tire Tube,HL Road Tire,0.00926899187768753,0.3180327868852459,24.117486338797814
19427,Bike Buyers,A,538.2247975250714,0.9677942951447992,Road Tire Tube,LL Road Tire,0.009077878643096034,0.3114754098360656,18.52039865871833
19427,Bike Buyers,A,538.2247975250714,0.9677942951447992,Road Tire Tube,Patch Kit/8 Patches,0.006784519827998089,0.23278688524590163,6.327570789865871
19434,Bike Buyers,A,545.5539932662093,0.965746596839008,Road Tire Tube,HL Road Tire,0.00926899187768753,0.3180327868852459,24.117486338797814
19434,Bike Buyers,A,545.5539932662093,0.965746596839008,Road Tire Tube,LL Road Tire,0.009077878643096034,0.3114754098360656,18.52039865871833
19435,Bike Buyers,A,863.3025854545297,0.951504082739395,Water Bottle - 30 oz.,Mountain Bottle Cage,0.0358337314859054,0.3564638783269962,8.21672794425554
19436,Bike Buyers,A,548.7248137376159,0.9460325389828939,Road Tire Tube,HL Road Tire,0.00926899187768753,0.3180327868852459,24.117486338797814
19436,Bike Buyers,A,548.7248137376159,0.9460325389828939,Road Tire Tube,LL Road Tire,0.009077878643096034,0.3114754098360656,18.52039865871833
19437,Bike Buyers,A,883.6350707284679,0.9083281183976948,Road Tire Tube,ML Road Tire,0.010797897754419493,0.3704918032786885,23.933313094515277
19437,Bike Buyers,A,883.6350707284679,0.9083281183976948,Road Tire Tube,LL Road Tire,0.009077878643096034,0.3114754098360656,18.52039865871833
19437,Bike Buyers,A,883.6350707284679,0.9083281183976948,Road Tire Tube,Patch Kit/8 Patches,0.006784519827998089,0.23278688524590163,6.327570789865871
19440,Bike Buyers,A,907.7084199919775,0.9302693260584631,Water Bottle - 30 oz.,Mountain Bottle Cage,0.0358337314859054,0.3564638783269962,8.21672794425554
19448,Bike Buyers,A,952.4520071355648,0.9007580063738491,Road Tire Tube,ML Road Tire,0.010797897754419493,0.3704918032786885,23.933313094515277
19448,Bike Buyers,A,952.4520071355648,0.9007580063738491,Road Tire Tube,LL Road Tire,0.009077878643096034,0.3114754098360656,18.52039865871833
19448,Bike Buyers,A,952.4520071355648,0.9007580063738491,Road Tire Tube,Patch Kit/8 Patches,0.006784519827998089,0.23278688524590163,6.327570789865871
19467,Bike Buyers,A,996.7866787368016,0.8913296129435359,HL Road Tire,Road Tire Tube,0.00926899187768753,0.7028985507246376,24.11748633879781
19467,Bike Buyers,A,996.7866787368016,0.8913296129435359,AWC Logo Cap,Water Bottle - 30 oz.,0.015097945532728141,0.2936802973977695,2.9214489660338954
19473,Bike Buyers,A,555.8608807452079,0.9673579832232494,Water Bottle - 30 oz.,Mountain Bottle Cage,0.0358337314859054,0.3564638783269962,8.21672794425554
19477,Bike Buyers,A,968.6595460028202,0.913052062442576,Hydration Pack - 70 oz.,Water Bottle - 30 oz.,0.005924510272336359,0.4,3.979087452471483
19480,Bike Buyers,A,567.8269041059374,0.9727448363219561,Road Tire Tube,HL Road Tire,0.00926899187768753,0.3180327868852459,24.117486338797814
19480,Bike Buyers,A,567.8269041059374,0.9727448363219561,Road Tire Tube,LL Road Tire,0.009077878643096034,0.3114754098360656,18.52039865871833
19493,Bike Buyers,A,1030.3329748992194,0.8989572619051919,Road Tire Tube,ML Road Tire,0.010797897754419493,0.3704918032786885,23.933313094515277
19493,Bike Buyers,A,1030.3329748992194,0.8989572619051919,Road Tire Tube,LL Road Tire,0.009077878643096034,0.3114754098360656,18.52039865871833
19493,Bike Buyers,A,1030.3329748992194,0.8989572619051919,Road Tire Tube,Patch Kit/8 Patches,0.006784519827998089,0.23278688524590163,6.327570789865871
19499,Bike Buyers,A,1025.5374236865714,0.9185442078700495,Water Bottle - 30 oz.,Mountain Bottle Cage,0.0358337314859054,0.3564638783269962,8.21672794425554
19502,Bike Buyers,A,1043.1090257658268,0.9318477671701217,Road Tire Tube,ML Road Tire,0.010797897754419493,0.3704918032786885,23.933313094515277
19502,Bike Buyers,A,1043.1090257658268,0.9318477671701217,Road Tire Tube,LL Road Tire,0.009077878643096034,0.3114754098360656,18.52039865871833
19502,Bike Buyers,A,1043.1090257658268,0.9318477671701217,Road Tire Tube,Patch Kit/8 Patches,0.006784519827998089,0.23278688524590163,6.327570789865871
19506,Bike Buyers,A,1038.5289613331565,0.9127511546882884,Road Tire Tube,ML Road Tire,0.010797897754419493,0.3704918032786885,23.933313094515277
19506,Bike Buyers,A,1038.5289613331565,0.9127511546882884,Road Tire Tube,LL Road Tire,0.009077878643096034,0.3114754098360656,18.52039865871833
19506,Bike Buyers,A,1038.5289613331565,0.9127511546882884,Road Tire Tube,Patch Kit/8 Patches,0.006784519827998089,0.23278688524590163,6.327570789865871
19511,Bike Buyers,A,1067.0570470595867,0.9046073470224736,Road Tire Tube,ML Road Tire,0.010797897754419493,0.3704918032786885,23.933313094515277
19511,Bike Buyers,A,1067.0570470595867,0.9046073470224736,Road Tire Tube,LL Road Tire,0.009077878643096034,0.3114754098360656,18.52039865871833
19511,Bike Buyers,A,1067.0570470595867,0.9046073470224736,Road Tire Tube,Patch Kit/8 Patches,0.006784519827998089,0.23278688524590163,6.327570789865871
19556,Bike Buyers,A,990.5900041958732,0.998530540523912,Water Bottle - 30 oz.,Mountain Bottle Cage,0.0358337314859054,0.3564638783269962,8.21672794425554
19557,Bike Buyers,A,883.0386934069954,0.9146272650094991,ML Road Tire,Road Tire Tube,0.010797897754419493,0.6975308641975307,23.933313094515277
19560,Bike Buyers,A,987.3545636671113,0.9983285400888018,Road Tire Tube,ML Road Tire,0.010797897754419493,0.3704918032786885,23.933313094515277
19560,Bike Buyers,A,987.3545636671113,0.9983285400888018,Road Tire Tube,LL Road Tire,0.009077878643096034,0.3114754098360656,18.52039865871833
19560,Bike Buyers,A,987.3545636671113,0.9983285400888018,Road Tire Tube,Patch Kit/8 Patches,0.006784519827998089,0.23278688524590163,6.327570789865871
19564,Bike Buyers,A,868.0041597167849,0.9749072557411241,Water Bottle - 30 oz.,Mountain Bottle Cage,0.0358337314859054,0.3564638783269962,8.21672794425554
19565,Bike Buyers,A,853.4991714915466,0.9886773394775608,Road Tire Tube,HL Road Tire,0.00926899187768753,0.3180327868852459,24.117486338797814
19565,Bike Buyers,A,853.4991714915466,0.9886773394775608,Road Tire Tube,LL Road Tire,0.009077878643096034,0.3114754098360656,18.52039865871833
19565,Bike Buyers,A,853.4991714915466,0.9886773394775608,Road Tire Tube,Patch Kit/8 Patches,0.006784519827998089,0.23278688524590163,6.327570789865871
19568,Bike Buyers,A,972.4262914018357,0.9982572464909312,Road Tire Tube,ML Road Tire,0.010797897754419493,0.3704918032786885,23.933313094515277
19568,Bike Buyers,A,972.4262914018357,0.9982572464909312,Road Tire Tube,LL Road Tire,0.009077878643096034,0.3114754098360656,18.52039865871833
19576,Bike Buyers,A,981.6045131810392,0.9985605001334921,Road Tire Tube,ML Road Tire,0.010797897754419493,0.3704918032786885,23.933313094515277
19576,Bike Buyers,A,981.6045131810392,0.9985605001334921,Road Tire Tube,LL Road Tire,0.009077878643096034,0.3114754098360656,18.52039865871833
19576,Bike Buyers,A,981.6045131810392,0.9985605001334921,Road Tire Tube,Patch Kit/8 Patches,0.006784519827998089,0.23278688524590163,6.327570789865871
19577,Bike Buyers,A,990.9654885136297,0.9985926279561872,Water Bottle - 30 oz.,Mountain Bottle Cage,0.0358337314859054,0.3564638783269962,8.21672794425554
19592,Bike Buyers,A,880.886738649122,0.943515000268689,AWC Logo Cap,Water Bottle - 30 oz.,0.015097945532728141,0.2936802973977695,2.9214489660338954
19593,Bike Buyers,A,872.7845500734245,0.9864509575823291,ML Road Tire,Road Tire Tube,0.010797897754419493,0.6975308641975307,23.933313094515277
19595,Bike Buyers,A,998.3566942263982,0.9977636882268566,Water Bottle - 30 oz.,Mountain Bottle Cage,0.0358337314859054,0.3564638783269962,8.21672794425554
19598,Bike Buyers,A,858.8879314775039,0.9918415115711098,Road Tire Tube,HL Road Tire,0.00926899187768753,0.3180327868852459,24.117486338797814
19598,Bike Buyers,A,858.8879314775039,0.9918415115711098,Road Tire Tube,LL Road Tire,0.009077878643096034,0.3114754098360656,18.52039865871833
19602,Bike Buyers,A,1000.0344982796471,0.998781575779646,Road Tire Tube,ML Road Tire,0.010797897754419493,0.3704918032786885,23.933313094515277
19602,Bike Buyers,A,1000.0344982796471,0.998781575779646,Road Tire Tube,LL Road Tire,0.009077878643096034,0.3114754098360656,18.52039865871833
19602,Bike Buyers,A,1000.0344982796471,0.998781575779646,Road Tire Tube,Patch Kit/8 Patches,0.006784519827998089,0.23278688524590163,6.327570789865871
19607,Bike Buyers,A,976.165820121171,0.9983087605194274,HL Road Tire,Road Tire Tube,0.00926899187768753,0.7028985507246376,24.11748633879781
19609,Bike Buyers,A,1001.0301881614972,0.9987363561353115,Road Tire Tube,ML Road Tire,0.010797897754419493,0.3704918032786885,23.933313094515277
19609,Bike Buyers,A,1001.0301881614972,0.9987363561353115,Road Tire Tube,LL Road Tire,0.009077878643096034,0.3114754098360656,18.52039865871833
19609,Bike Buyers,A,1001.0301881614972,0.9987363561353115,Road Tire Tube,Patch Kit/8 Patches,0.006784519827998089,0.23278688524590163,6.327570789865871
19611,Bike Buyers,A,990.6868629298885,0.9986337534885983,HL Road Tire,Road Tire Tube,0.00926899187768753,0.7028985507246376,24.11748633879781
19613,Bike Buyers,A,977.668091100815,0.997182321590502,Road Tire Tube,ML Road Tire,0.010797897754419493,0.3704918032786885,23.933313094515277
19613,Bike Buyers,A,977.668091100815,0.997182321590502,Road Tire Tube,LL Road Tire,0.009077878643096034,0.3114754098360656,18.52039865871833
19613,Bike Buyers,A,977.668091100815,0.997182321590502,Road Tire Tube,Patch Kit/8 Patches,0.006784519827998089,0.23278688524590163,6.327570789865871
19614,Bike Buyers,A,1018.3422147077173,0.9845908059691463,Road Tire Tube,ML Road Tire,0.010797897754419493,0.3704918032786885,23.933313094515277
19614,Bike Buyers,A,1018.3422147077173,0.9845908059691463,Road Tire Tube,LL Road Tire,0.009077878643096034,0.3114754098360656,18.52039865871833
19614,Bike Buyers,A,1018.3422147077173,0.9845908059691463,Road Tire Tube,Patch Kit/8 Patches,0.006784519827998089,0.23278688524590163,6.327570789865871
19628,Bike Buyers,A,997.5355017309481,0.9985484874405111,Water Bottle - 30 oz.,Mountain Bottle Cage,0.0358337314859054,0.3564638783269962,8.21672794425554
19763,Bike Buyers,A,686.0411888438234,0.9557886776239475,"Road-750 Black, 48",Road Bottle Cage,0.005924510272336359,0.3263157894736842,4.487378103603292
19763,Bike Buyers,A,686.0411888438234,0.9557886776239475,"Road-750 Black, 48",Water Bottle - 30 oz.,0.005160057333970377,0.28421052631578947,2.827246347808685
19765,Bike Buyers,A,695.0952462413524,0.9268866186699247,Water Bottle - 30 oz.,Mountain Bottle Cage,0.0358337314859054,0.3564638783269962,8.21672794425554
19766,Bike Buyers,A,692.5048849932662,0.9277168395118682,Water Bottle - 30 oz.,Mountain Bottle Cage,0.0358337314859054,0.3564638783269962,8.21672794425554
19770,Bike Buyers,A,694.9652052243966,0.9285749356629793,Road Bottle Cage,Water Bottle - 30 oz.,0.06421404682274247,0.8830486202365307,8.784319211763588
19771,Bike Buyers,A,695.3046849698555,0.9277168395118682,Water Bottle - 30 oz.,Mountain Bottle Cage,0.0358337314859054,0.3564638783269962,8.21672794425554
19772,Bike Buyers,A,1020.2149814623086,0.9985273167767406,Road Bottle Cage,Water Bottle - 30 oz.,0.06421404682274247,0.8830486202365307,8.784319211763588
19782,Bike Buyers,A,1012.5353156200281,0.9985019666287639,Water Bottle - 30 oz.,Mountain Bottle Cage,0.0358337314859054,0.3564638783269962,8.21672794425554
19785,Bike Buyers,A,1032.2226308397235,0.9987302187143138,Hydration Pack - 70 oz.,Water Bottle - 30 oz.,0.005924510272336359,0.4,3.979087452471483
19787,Bike Buyers,A,1003.6257850670264,0.9984090465096491,HL Road Tire,Road Tire Tube,0.00926899187768753,0.7028985507246376,24.11748633879781
19789,Bike Buyers,A,1014.4786289178318,0.9987890366317271,Road Tire Tube,ML Road Tire,0.010797897754419493,0.3704918032786885,23.933313094515277
19789,Bike Buyers,A,1014.4786289178318,0.9987890366317271,Road Tire Tube,LL Road Tire,0.009077878643096034,0.3114754098360656,18.52039865871833
19789,Bike Buyers,A,1014.4786289178318,0.9987890366317271,Road Tire Tube,Patch Kit/8 Patches,0.006784519827998089,0.23278688524590163,6.327570789865871
19790,Bike Buyers,A,1018.6945185240775,0.9986203352489496,Water Bottle - 30 oz.,Mountain Bottle Cage,0.0358337314859054,0.3564638783269962,8.21672794425554
19791,Bike Buyers,A,1009.3568793225144,0.9987890366317271,Road Tire Tube,ML Road Tire,0.010797897754419493,0.3704918032786885,23.933313094515277
19791,Bike Buyers,A,1009.3568793225144,0.9987890366317271,Road Tire Tube,LL Road Tire,0.009077878643096034,0.3114754098360656,18.52039865871833
19791,Bike Buyers,A,1009.3568793225144,0.9987890366317271,Road Tire Tube,Patch Kit/8 Patches,0.006784519827998089,0.23278688524590163,6.327570789865871
19794,Bike Buyers,A,1007.9345424388355,0.9983974036359029,Water Bottle - 30 oz.,Mountain Bottle Cage,0.0358337314859054,0.3564638783269962,8.21672794425554
19795,Bike Buyers,A,1003.0386313922825,0.998369447619087,Water Bottle - 30 oz.,Mountain Bottle Cage,0.0358337314859054,0.3564638783269962,8.21672794425554
19829,Bike Buyers,A,632.8672081529618,0.9902310784020889,Road Tire Tube,HL Road Tire,0.00926899187768753,0.3180327868852459,24.117486338797814
19829,Bike Buyers,A,632.8672081529618,0.9902310784020889,Road Tire Tube,LL Road Tire,0.009077878643096034,0.3114754098360656,18.52039865871833
19829,Bike Buyers,A,632.8672081529618,0.9902310784020889,Road Tire Tube,Patch Kit/8 Patches,0.006784519827998089,0.23278688524590163,6.327570789865871
19874,Bike Buyers,A,692.3737094545296,0.9812627334063323,Water Bottle - 30 oz.,Mountain Bottle Cage,0.0358337314859054,0.3564638783269962,8.21672794425554
19884,Bike Buyers,A,729.364667116128,0.9736307323429139,Water Bottle - 30 oz.,Mountain Bottle Cage,0.0358337314859054,0.3564638783269962,8.21672794425554
19947,Bike Buyers,A,1017.2914346180463,0.9986966495412131,HL Road Tire,Road Tire Tube,0.00926899187768753,0.7028985507246376,24.11748633879781
19949,Bike Buyers,A,1028.4229103956106,0.9986348596318126,HL Road Tire,Road Tire Tube,0.00926899187768753,0.7028985507246376,24.11748633879781
19950,Bike Buyers,A,1021.2256348335213,0.9978810563434795,Water Bottle - 30 oz.,Mountain Bottle Cage,0.0358337314859054,0.3564638783269962,8.21672794425554
19956,Bike Buyers,A,1028.4299163720061,0.9989297856676657,Road Tire Tube,ML Road Tire,0.010797897754419493,0.3704918032786885,23.933313094515277
19956,Bike Buyers,A,1028.4299163720061,0.9989297856676657,Road Tire Tube,LL Road Tire,0.009077878643096034,0.3114754098360656,18.52039865871833
19957,Bike Buyers,A,1008.6488276881419,0.9965552687108824,Water Bottle - 30 oz.,Mountain Bottle Cage,0.0358337314859054,0.3564638783269962,8.21672794425554
19958,Bike Buyers,A,1015.2245327243329,0.9981312297572049,HL Road Tire,Road Tire Tube,0.00926899187768753,0.7028985507246376,24.11748633879781
19963,Bike Buyers,A,1017.9433782918785,0.99812147729401,HL Road Tire,Road Tire Tube,0.00926899187768753,0.7028985507246376,24.11748633879781
19970,Bike Buyers,A,1060.047900906285,0.9986734799935278,Water Bottle - 30 oz.,Mountain Bottle Cage,0.0358337314859054,0.3564638783269962,8.21672794425554
19977,Bike Buyers,A,1056.145236251437,0.9988052201958072,Water Bottle - 30 oz.,Mountain Bottle Cage,0.0358337314859054,0.3564638783269962,8.21672794425554
19978,Bike Buyers,A,1052.2370821951552,0.9993807564357965,Road Tire Tube,ML Road Tire,0.010797897754419493,0.3704918032786885,23.933313094515277
19978,Bike Buyers,A,1052.2370821951552,0.9993807564357965,Road Tire Tube,LL Road Tire,0.009077878643096034,0.3114754098360656,18.52039865871833
19979,Bike Buyers,A,1059.6864420919323,0.9991128713043151,Water Bottle - 30 oz.,Mountain Bottle Cage,0.0358337314859054,0.3564638783269962,8.21672794425554
19987,Bike Buyers,A,714.5442104855052,0.9344782933674365,Water Bottle - 30 oz.,Mountain Bottle Cage,0.0358337314859054,0.3564638783269962,8.21672794425554
20151,Bike Buyers,A,708.6465502486358,0.9419058876169252,Road Tire Tube,HL Road Tire,0.00926899187768753,0.3180327868852459,24.117486338797814
20151,Bike Buyers,A,708.6465502486358,0.9419058876169252,Road Tire Tube,ML Road Tire,0.010797897754419493,0.3704918032786885,23.933313094515277
20151,Bike Buyers,A,708.6465502486358,0.9419058876169252,LL Road Tire,Patch Kit/8 Patches,0.005828953655040612,0.34659090909090906,9.420971074380164
20152,Bike Buyers,A,715.8255906953948,0.9455282219706039,"Road-750 Black, 52",Road Bottle Cage,0.006975633062589585,0.39673913043478265,5.455814717477004
20152,Bike Buyers,A,715.8255906953948,0.9455282219706039,"Road-750 Black, 52",Water Bottle - 30 oz.,0.0063067367415193505,0.3586956521739131,3.5682034220532324
20154,Bike Buyers,A,710.9399385559566,0.942295039604893,"Road-750 Black, 48",Road Bottle Cage,0.005924510272336359,0.3263157894736842,4.487378103603292
20154,Bike Buyers,A,710.9399385559566,0.942295039604893,"Road-750 Black, 48",Water Bottle - 30 oz.,0.005160057333970377,0.28421052631578947,2.827246347808685
20156,Bike Buyers,A,722.1105883845532,0.9420164536845911,LL Road Tire,Road Tire Tube,0.009077878643096034,0.5397727272727272,18.520398658718328
20156,Bike Buyers,A,722.1105883845532,0.9420164536845911,LL Road Tire,Patch Kit/8 Patches,0.005828953655040612,0.34659090909090906,9.420971074380164
20156,Bike Buyers,A,722.1105883845532,0.9420164536845911,"Road-750 Black, 48",Road Bottle Cage,0.005924510272336359,0.3263157894736842,4.487378103603292
20157,Bike Buyers,A,707.1586909516418,0.9006900351656624,"Road-750 Black, 52",Road Bottle Cage,0.006975633062589585,0.39673913043478265,5.455814717477004
20157,Bike Buyers,A,707.1586909516418,0.9006900351656624,"Road-750 Black, 52",Water Bottle - 30 oz.,0.0063067367415193505,0.3586956521739131,3.5682034220532324
20158,Bike Buyers,A,708.7351621308693,0.942295039604893,"Road-750 Black, 58",Road Bottle Cage,0.0061156235069278544,0.37647058823529406,5.177088969622013
20158,Bike Buyers,A,708.7351621308693,0.942295039604893,"Road-750 Black, 58",Water Bottle - 30 oz.,0.005351170568561873,0.3294117647058823,3.276895549094162
20159,Bike Buyers,A,720.0495729497804,0.9353301884535552,Water Bottle - 30 oz.,Mountain Bottle Cage,0.0358337314859054,0.3564638783269962,8.21672794425554
20160,Bike Buyers,A,721.5525180151498,0.8632589164072679,Water Bottle - 30 oz.,Mountain Bottle Cage,0.0358337314859054,0.3564638783269962,8.21672794425554
20214,Bike Buyers,A,916.2404354313722,0.9858132904750349,ML Road Tire,Road Tire Tube,0.010797897754419493,0.6975308641975307,23.933313094515277
20217,Bike Buyers,A,1048.4571825373296,0.9991000943738959,Water Bottle - 30 oz.,Mountain Bottle Cage,0.0358337314859054,0.3564638783269962,8.21672794425554
20219,Bike Buyers,A,1049.4773956206348,0.9991488336712537,Water Bottle - 30 oz.,Mountain Bottle Cage,0.0358337314859054,0.3564638783269962,8.21672794425554
20220,Bike Buyers,A,1062.2971016677777,0.9993034536691663,Road Tire Tube,ML Road Tire,0.010797897754419493,0.3704918032786885,23.933313094515277
20220,Bike Buyers,A,1062.2971016677777,0.9993034536691663,Road Tire Tube,LL Road Tire,0.009077878643096034,0.3114754098360656,18.52039865871833
20221,Bike Buyers,A,1047.9180254501148,0.9993638694724634,Water Bottle - 30 oz.,Mountain Bottle Cage,0.0358337314859054,0.3564638783269962,8.21672794425554
20226,Bike Buyers,A,1045.6970477971977,0.9993598780314373,Road Tire Tube,ML Road Tire,0.010797897754419493,0.3704918032786885,23.933313094515277
20226,Bike Buyers,A,1045.6970477971977,0.9993598780314373,Road Tire Tube,LL Road Tire,0.009077878643096034,0.3114754098360656,18.52039865871833
20226,Bike Buyers,A,1045.6970477971977,0.9993598780314373,Road Tire Tube,Patch Kit/8 Patches,0.006784519827998089,0.23278688524590163,6.327570789865871
20227,Bike Buyers,A,1054.476430438358,0.9988683473053284,HL Road Tire,Road Tire Tube,0.00926899187768753,0.7028985507246376,24.11748633879781
20228,Bike Buyers,A,1069.1590998286038,0.9989162579990465,Road Tire Tube,ML Road Tire,0.010797897754419493,0.3704918032786885,23.933313094515277
20228,Bike Buyers,A,1069.1590998286038,0.9989162579990465,Road Tire Tube,LL Road Tire,0.009077878643096034,0.3114754098360656,18.52039865871833
20228,Bike Buyers,A,1069.1590998286038,0.9989162579990465,Road Tire Tube,Patch Kit/8 Patches,0.006784519827998089,0.23278688524590163,6.327570789865871
20239,Bike Buyers,A,1063.5043478349023,0.9991525140342906,Road Tire Tube,ML Road Tire,0.010797897754419493,0.3704918032786885,23.933313094515277
20239,Bike Buyers,A,1063.5043478349023,0.9991525140342906,Road Tire Tube,LL Road Tire,0.009077878643096034,0.3114754098360656,18.52039865871833
20239,Bike Buyers,A,1063.5043478349023,0.9991525140342906,Road Tire Tube,Patch Kit/8 Patches,0.006784519827998089,0.23278688524590163,6.327570789865871
20241,Bike Buyers,A,923.6565612947655,0.9949446942990261,Water Bottle - 30 oz.,Mountain Bottle Cage,0.0358337314859054,0.3564638783269962,8.21672794425554
20242,Bike Buyers,A,1043.731852735434,0.9990207719568184,Road Tire Tube,ML Road Tire,0.010797897754419493,0.3704918032786885,23.933313094515277
20242,Bike Buyers,A,1043.731852735434,0.9990207719568184,Road Tire Tube,LL Road Tire,0.009077878643096034,0.3114754098360656,18.52039865871833
20245,Bike Buyers,A,1038.0210837653667,0.9991264512366683,Water Bottle - 30 oz.,Mountain Bottle Cage,0.0358337314859054,0.3564638783269962,8.21672794425554
20246,Bike Buyers,A,1028.4392583138865,0.9990437236965115,Water Bottle - 30 oz.,Mountain Bottle Cage,0.0358337314859054,0.3564638783269962,8.21672794425554
20253,Bike Buyers,A,1028.4392585130984,0.9990280756998221,Water Bottle - 30 oz.,Mountain Bottle Cage,0.0358337314859054,0.3564638783269962,8.21672794425554
20324,Bike Buyers,A,502.26106727594635,0.914537457997986,Road Tire Tube,ML Road Tire,0.010797897754419493,0.3704918032786885,23.933313094515277
20324,Bike Buyers,A,502.26106727594635,0.914537457997986,Road Tire Tube,LL Road Tire,0.009077878643096034,0.3114754098360656,18.52039865871833
20324,Bike Buyers,A,502.26106727594635,0.914537457997986,Road Tire Tube,Patch Kit/8 Patches,0.006784519827998089,0.23278688524590163,6.327570789865871
20345,Bike Buyers,A,514.8622431785184,0.8969057062375958,Water Bottle - 30 oz.,Mountain Bottle Cage,0.0358337314859054,0.3564638783269962,8.21672794425554
20346,Bike Buyers,A,534.335160934034,0.8242890002380452,Road Tire Tube,ML Road Tire,0.010797897754419493,0.3704918032786885,23.933313094515277
20346,Bike Buyers,A,534.335160934034,0.8242890002380452,Road Tire Tube,LL Road Tire,0.009077878643096034,0.3114754098360656,18.52039865871833
20346,Bike Buyers,A,534.335160934034,0.8242890002380452,Road Tire Tube,Patch Kit/8 Patches,0.006784519827998089,0.23278688524590163,6.327570789865871
20348,Bike Buyers,A,507.9444741101225,0.8700053193073595,Water Bottle - 30 oz.,Mountain Bottle Cage,0.0358337314859054,0.3564638783269962,8.21672794425554
20376,Bike Buyers,A,523.6481414817177,0.9231333920196494,HL Road Tire,Road Tire Tube,0.00926899187768753,0.7028985507246376,24.11748633879781
20382,Bike Buyers,A,530.3556833900686,0.9099015983954407,Road Tire Tube,ML Road Tire,0.010797897754419493,0.3704918032786885,23.933313094515277
20382,Bike Buyers,A,530.3556833900686,0.9099015983954407,Road Tire Tube,LL Road Tire,0.009077878643096034,0.3114754098360656,18.52039865871833
20386,Bike Buyers,A,541.4520538705062,0.9032796705157363,Road Tire Tube,ML Road Tire,0.010797897754419493,0.3704918032786885,23.933313094515277
20386,Bike Buyers,A,541.4520538705062,0.9032796705157363,Road Tire Tube,LL Road Tire,0.009077878643096034,0.3114754098360656,18.52039865871833
20416,Bike Buyers,A,726.0391472048707,0.9537852462671136,"Road-750 Black, 52",Road Bottle Cage,0.006975633062589585,0.39673913043478265,5.455814717477004
20416,Bike Buyers,A,726.0391472048707,0.9537852462671136,"Road-750 Black, 52",Water Bottle - 30 oz.,0.0063067367415193505,0.3586956521739131,3.5682034220532324
20418,Bike Buyers,A,758.7199915315548,0.9568397464331816,"Road-750 Black, 48",Road Bottle Cage,0.005924510272336359,0.3263157894736842,4.487378103603292
20418,Bike Buyers,A,758.7199915315548,0.9568397464331816,"Road-750 Black, 48",Water Bottle - 30 oz.,0.005160057333970377,0.28421052631578947,2.827246347808685
20420,Bike Buyers,A,727.7231392225108,0.9568570306923659,Water Bottle - 30 oz.,Mountain Bottle Cage,0.0358337314859054,0.3564638783269962,8.21672794425554
20423,Bike Buyers,A,747.68962477976,0.9651974353010614,"Road-750 Black, 48",Road Bottle Cage,0.005924510272336359,0.3263157894736842,4.487378103603292
20423,Bike Buyers,A,747.68962477976,0.9651974353010614,"Road-750 Black, 48",Water Bottle - 30 oz.,0.005160057333970377,0.28421052631578947,2.827246347808685
20424,Bike Buyers,A,730.0596708182451,0.9622423695104027,Water Bottle - 30 oz.,Mountain Bottle Cage,0.0358337314859054,0.3564638783269962,8.21672794425554
20425,Bike Buyers,A,740.269576333888,0.963386180310267,"Road-750 Black, 58",Road Bottle Cage,0.0061156235069278544,0.37647058823529406,5.177088969622013
20425,Bike Buyers,A,740.269576333888,0.963386180310267,"Road-750 Black, 58",Water Bottle - 30 oz.,0.005351170568561873,0.3294117647058823,3.276895549094162
20426,Bike Buyers,A,729.8224514241698,0.9581752471735459,LL Road Tire,Road Tire Tube,0.009077878643096034,0.5397727272727272,18.520398658718328
20426,Bike Buyers,A,729.8224514241698,0.9581752471735459,LL Road Tire,Patch Kit/8 Patches,0.005828953655040612,0.34659090909090906,9.420971074380164
20426,Bike Buyers,A,729.8224514241698,0.9581752471735459,"Road-750 Black, 52",Road Bottle Cage,0.006975633062589585,0.39673913043478265,5.455814717477004
20442,Bike Buyers,A,551.5493750572468,0.892135228482225,Road Tire Tube,ML Road Tire,0.010797897754419493,0.3704918032786885,23.933313094515277
20442,Bike Buyers,A,551.5493750572468,0.892135228482225,Road Tire Tube,LL Road Tire,0.009077878643096034,0.3114754098360656,18.52039865871833
20444,Bike Buyers,A,1103.0140355717247,0.9978951110821648,Water Bottle - 30 oz.,Mountain Bottle Cage,0.0358337314859054,0.3564638783269962,8.21672794425554
20445,Bike Buyers,A,1090.9825913106554,0.9984657079511329,HL Road Tire,Road Tire Tube,0.00926899187768753,0.7028985507246376,24.11748633879781
20447,Bike Buyers,A,1061.319035334298,0.9991642217107776,Water Bottle - 30 oz.,Mountain Bottle Cage,0.0358337314859054,0.3564638783269962,8.21672794425554
20448,Bike Buyers,A,1086.0460116335867,0.9982084558631998,Water Bottle - 30 oz.,Mountain Bottle Cage,0.0358337314859054,0.3564638783269962,8.21672794425554
20451,Bike Buyers,A,1085.4108039010696,0.9956615851534233,HL Road Tire,Road Tire Tube,0.00926899187768753,0.7028985507246376,24.11748633879781
20452,Bike Buyers,A,1111.008850057093,0.9984781038880809,Road Tire Tube,ML Road Tire,0.010797897754419493,0.3704918032786885,23.933313094515277
20452,Bike Buyers,A,1111.008850057093,0.9984781038880809,Road Tire Tube,LL Road Tire,0.009077878643096034,0.3114754098360656,18.52039865871833
20452,Bike Buyers,A,1111.008850057093,0.9984781038880809,Road Tire Tube,Patch Kit/8 Patches,0.006784519827998089,0.23278688524590163,6.327570789865871
20461,Bike Buyers,A,580.0620558917465,0.8578913897535214,Water Bottle - 30 oz.,Mountain Bottle Cage,0.0358337314859054,0.3564638783269962,8.21672794425554
20462,Bike Buyers,A,598.0679478753943,0.8883142202466484,Water Bottle - 30 oz.,Mountain Bottle Cage,0.0358337314859054,0.3564638783269962,8.21672794425554
20465,Bike Buyers,A,591.9313549862327,0.8446302155397903,Road Tire Tube,ML Road Tire,0.010797897754419493,0.3704918032786885,23.933313094515277
20465,Bike Buyers,A,591.9313549862327,0.8446302155397903,Road Tire Tube,LL Road Tire,0.009077878643096034,0.3114754098360656,18.52039865871833
20465,Bike Buyers,A,591.9313549862327,0.8446302155397903,Road Tire Tube,Patch Kit/8 Patches,0.006784519827998089,0.23278688524590163,6.327570789865871
20472,Bike Buyers,A,622.9068897466863,0.9339070441379962,Road Tire Tube,ML Road Tire,0.010797897754419493,0.3704918032786885,23.933313094515277
20472,Bike Buyers,A,622.9068897466863,0.9339070441379962,Road Tire Tube,LL Road Tire,0.009077878643096034,0.3114754098360656,18.52039865871833
20476,Bike Buyers,A,588.4512345747088,0.8707709169699824,Water Bottle - 30 oz.,Mountain Bottle Cage,0.0358337314859054,0.3564638783269962,8.21672794425554
20495,Bike Buyers,A,606.4840315423804,0.9302988105839145,Road Tire Tube,ML Road Tire,0.010797897754419493,0.3704918032786885,23.933313094515277
20495,Bike Buyers,A,606.4840315423804,0.9302988105839145,Road Tire Tube,LL Road Tire,0.009077878643096034,0.3114754098360656,18.52039865871833
20544,Bike Buyers,A,633.8214447858694,0.9557000296645005,Water Bottle - 30 oz.,Mountain Bottle Cage,0.0358337314859054,0.3564638783269962,8.21672794425554
20606,Bike Buyers,A,1076.0574765190593,0.9957934381766611,HL Road Tire,Road Tire Tube,0.00926899187768753,0.7028985507246376,24.11748633879781
20608,Bike Buyers,A,1069.2957645012104,0.9991302573232534,Water Bottle - 30 oz.,Mountain Bottle Cage,0.0358337314859054,0.3564638783269962,8.21672794425554
20609,Bike Buyers,A,1106.3959541355825,0.9987455347196823,Road Tire Tube,ML Road Tire,0.010797897754419493,0.3704918032786885,23.933313094515277
20609,Bike Buyers,A,1106.3959541355825,0.9987455347196823,Road Tire Tube,LL Road Tire,0.009077878643096034,0.3114754098360656,18.52039865871833
20609,Bike Buyers,A,1106.3959541355825,0.9987455347196823,Road Tire Tube,Patch Kit/8 Patches,0.006784519827998089,0.23278688524590163,6.327570789865871
20612,Bike Buyers,A,1090.0888490554667,0.9987720104974168,Road Tire Tube,ML Road Tire,0.010797897754419493,0.3704918032786885,23.933313094515277
20612,Bike Buyers,A,1090.0888490554667,0.9987720104974168,Road Tire Tube,LL Road Tire,0.009077878643096034,0.3114754098360656,18.52039865871833
20614,Bike Buyers,A,1076.2290133878093,0.9985123315223305,Water Bottle - 30 oz.,Mountain Bottle Cage,0.0358337314859054,0.3564638783269962,8.21672794425554
20615,Bike Buyers,A,1088.901858236684,0.9985382884923303,Road Tire Tube,ML Road Tire,0.010797897754419493,0.3704918032786885,23.933313094515277
20615,Bike Buyers,A,1088.901858236684,0.9985382884923303,Road Tire Tube,LL Road Tire,0.009077878643096034,0.3114754098360656,18.52039865871833
20616,Bike Buyers,A,1108.043467704386,0.9961729832097823,Road Tire Tube,ML Road Tire,0.010797897754419493,0.3704918032786885,23.933313094515277
20616,Bike Buyers,A,1108.043467704386,0.9961729832097823,Road Tire Tube,LL Road Tire,0.009077878643096034,0.3114754098360656,18.52039865871833
20616,Bike Buyers,A,1108.043467704386,0.9961729832097823,Road Tire Tube,Patch Kit/8 Patches,0.006784519827998089,0.23278688524590163,6.327570789865871
20710,Bike Buyers,A,630.0145551684429,0.9107336301239415,Water Bottle - 30 oz.,Mountain Bottle Cage,0.0358337314859054,0.3564638783269962,8.21672794425554
20711,Bike Buyers,A,651.4915391980213,0.9494856624481421,Water Bottle - 30 oz.,Mountain Bottle Cage,0.0358337314859054,0.3564638783269962,8.21672794425554
20717,Bike Buyers,A,650.6993208184756,0.9415196617921515,Water Bottle - 30 oz.,Mountain Bottle Cage,0.0358337314859054,0.3564638783269962,8.21672794425554
20811,Bike Buyers,A,663.9795887068465,0.9632604651606504,AWC Logo Cap,Water Bottle - 30 oz.,0.015097945532728141,0.2936802973977695,2.9214489660338954
20812,Bike Buyers,A,757.5563494334039,0.9725934283222096,Road Bottle Cage,Water Bottle - 30 oz.,0.06421404682274247,0.8830486202365307,8.784319211763588
20814,Bike Buyers,A,776.1337570964358,0.9741773226550583,Water Bottle - 30 oz.,Mountain Bottle Cage,0.0358337314859054,0.3564638783269962,8.21672794425554
20815,Bike Buyers,A,765.2684544306733,0.9697975532596854,"Road-750 Black, 44",Road Bottle Cage,0.007453416149068323,0.42857142857142855,5.893561103810775
20815,Bike Buyers,A,765.2684544306733,0.9697975532596854,"Road-750 Black, 44",Water Bottle - 30 oz.,0.0061156235069278544,0.3516483516483516,3.498098859315589
20816,Bike Buyers,A,784.8820979625907,0.9588310598747191,Road Tire Tube,HL Road Tire,0.00926899187768753,0.3180327868852459,24.117486338797814
20816,Bike Buyers,A,784.8820979625907,0.9588310598747191,Road Tire Tube,ML Road Tire,0.010797897754419493,0.3704918032786885,23.933313094515277
20816,Bike Buyers,A,784.8820979625907,0.9588310598747191,LL Road Tire,Patch Kit/8 Patches,0.005828953655040612,0.34659090909090906,9.420971074380164
20817,Bike Buyers,A,754.231296395238,0.9693880102256938,"Road-750 Black, 44",Road Bottle Cage,0.007453416149068323,0.42857142857142855,5.893561103810775
20817,Bike Buyers,A,754.231296395238,0.9693880102256938,"Road-750 Black, 44",Water Bottle - 30 oz.,0.0061156235069278544,0.3516483516483516,3.498098859315589
20818,Bike Buyers,A,793.2823566754827,0.9533267973072295,Water Bottle - 30 oz.,Mountain Bottle Cage,0.0358337314859054,0.3564638783269962,8.21672794425554
20819,Bike Buyers,A,762.4609380128309,0.9781483608760531,"Road-750 Black, 44",Road Bottle Cage,0.007453416149068323,0.42857142857142855,5.893561103810775
20819,Bike Buyers,A,762.4609380128309,0.9781483608760531,"Road-750 Black, 44",Water Bottle - 30 oz.,0.0061156235069278544,0.3516483516483516,3.498098859315589
20820,Bike Buyers,A,753.8730015448417,0.9668272757813188,Road Tire Tube,HL Road Tire,0.00926899187768753,0.3180327868852459,24.117486338797814
20820,Bike Buyers,A,753.8730015448417,0.9668272757813188,Road Tire Tube,ML Road Tire,0.010797897754419493,0.3704918032786885,23.933313094515277
20820,Bike Buyers,A,753.8730015448417,0.9668272757813188,LL Road Tire,Patch Kit/8 Patches,0.005828953655040612,0.34659090909090906,9.420971074380164
20821,Bike Buyers,A,756.7499810413739,0.9688208275211028,"Road-750 Black, 48",Road Bottle Cage,0.005924510272336359,0.3263157894736842,4.487378103603292
20821,Bike Buyers,A,756.7499810413739,0.9688208275211028,"Road-750 Black, 48",Water Bottle - 30 oz.,0.005160057333970377,0.28421052631578947,2.827246347808685
20822,Bike Buyers,A,769.1533546076598,0.972036231054024,Water Bottle - 30 oz.,Mountain Bottle Cage,0.0358337314859054,0.3564638783269962,8.21672794425554
20823,Bike Buyers,A,791.5637621804567,0.932517723927751,"Road-750 Black, 48",Road Bottle Cage,0.005924510272336359,0.3263157894736842,4.487378103603292
20823,Bike Buyers,A,791.5637621804567,0.932517723927751,"Road-750 Black, 48",Water Bottle - 30 oz.,0.005160057333970377,0.28421052631578947,2.827246347808685
20824,Bike Buyers,A,516.1953931144056,0.9880522676174089,Road Tire Tube,HL Road Tire,0.00926899187768753,0.3180327868852459,24.117486338797814
20824,Bike Buyers,A,516.1953931144056,0.9880522676174089,Road Tire Tube,LL Road Tire,0.009077878643096034,0.3114754098360656,18.52039865871833
20824,Bike Buyers,A,516.1953931144056,0.9880522676174089,Road Tire Tube,Patch Kit/8 Patches,0.006784519827998089,0.23278688524590163,6.327570789865871
20834,Bike Buyers,A,527.916425808844,0.995857320888019,Road Tire Tube,HL Road Tire,0.00926899187768753,0.3180327868852459,24.117486338797814
20834,Bike Buyers,A,527.916425808844,0.995857320888019,Road Tire Tube,LL Road Tire,0.009077878643096034,0.3114754098360656,18.52039865871833
20834,Bike Buyers,A,527.916425808844,0.995857320888019,Road Tire Tube,Patch Kit/8 Patches,0.006784519827998089,0.23278688524590163,6.327570789865871
20837,Bike Buyers,A,531.292403139835,0.9850885024670019,Road Tire Tube,HL Road Tire,0.00926899187768753,0.3180327868852459,24.117486338797814
20837,Bike Buyers,A,531.292403139835,0.9850885024670019,Road Tire Tube,LL Road Tire,0.009077878643096034,0.3114754098360656,18.52039865871833
20837,Bike Buyers,A,531.292403139835,0.9850885024670019,Road Tire Tube,Patch Kit/8 Patches,0.006784519827998089,0.23278688524590163,6.327570789865871
20838,Bike Buyers,A,544.472202397073,0.9881178287598325,Water Bottle - 30 oz.,Mountain Bottle Cage,0.0358337314859054,0.3564638783269962,8.21672794425554
20839,Bike Buyers,A,528.3266873855872,0.9896773934264157,ML Road Tire,Road Tire Tube,0.010797897754419493,0.6975308641975307,23.933313094515277
20850,Bike Buyers,A,544.8524191588256,0.9835617034847229,Road Tire Tube,HL Road Tire,0.00926899187768753,0.3180327868852459,24.117486338797814
20850,Bike Buyers,A,544.8524191588256,0.9835617034847229,Road Tire Tube,LL Road Tire,0.009077878643096034,0.3114754098360656,18.52039865871833
20850,Bike Buyers,A,544.8524191588256,0.9835617034847229,Road Tire Tube,Patch Kit/8 Patches,0.006784519827998089,0.23278688524590163,6.327570789865871
20852,Bike Buyers,A,576.1699716405673,0.9929946413789068,AWC Logo Cap,Water Bottle - 30 oz.,0.015097945532728141,0.2936802973977695,2.9214489660338954
20859,Bike Buyers,A,550.2669056267943,0.9788640854645265,ML Road Tire,Road Tire Tube,0.010797897754419493,0.6975308641975307,23.933313094515277
20861,Bike Buyers,A,607.7232943610943,0.7850177436826067,Water Bottle - 30 oz.,Road Bottle Cage,0.06421404682274247,0.6387832699619771,8.784319211763588
20862,Bike Buyers,A,723.7460078417348,0.9664994432666951,Water Bottle - 30 oz.,Mountain Bottle Cage,0.0358337314859054,0.3564638783269962,8.21672794425554
20869,Bike Buyers,A,597.3499265035072,0.992712523527774,AWC Logo Cap,Water Bottle - 30 oz.,0.015097945532728141,0.2936802973977695,2.9214489660338954
20890,Bike Buyers,A,624.9315594693438,0.9823837352704339,AWC Logo Cap,Water Bottle - 30 oz.,0.015097945532728141,0.2936802973977695,2.9214489660338954
20975,Bike Buyers,A,646.9642979634613,0.9804425618385828,Road Tire Tube,HL Road Tire,0.00926899187768753,0.3180327868852459,24.117486338797814
20975,Bike Buyers,A,646.9642979634613,0.9804425618385828,Road Tire Tube,LL Road Tire,0.009077878643096034,0.3114754098360656,18.52039865871833
20982,Bike Buyers,A,669.6976022988994,0.9805239512729034,AWC Logo Cap,Water Bottle - 30 oz.,0.015097945532728141,0.2936802973977695,2.9214489660338954
20983,Bike Buyers,A,773.0087805446411,0.97065752564837,Road Tire Tube,HL Road Tire,0.00926899187768753,0.3180327868852459,24.117486338797814
20983,Bike Buyers,A,773.0087805446411,0.97065752564837,Road Tire Tube,ML Road Tire,0.010797897754419493,0.3704918032786885,23.933313094515277
20983,Bike Buyers,A,773.0087805446411,0.97065752564837,LL Road Tire,Patch Kit/8 Patches,0.005828953655040612,0.34659090909090906,9.420971074380164
20984,Bike Buyers,A,761.4752652039416,0.9702335279203361,"Road-750 Black, 52",Road Bottle Cage,0.006975633062589585,0.39673913043478265,5.455814717477004
20984,Bike Buyers,A,761.4752652039416,0.9702335279203361,"Road-750 Black, 52",Water Bottle - 30 oz.,0.0063067367415193505,0.3586956521739131,3.5682034220532324
20985,Bike Buyers,A,766.9952148292282,0.9688208275211028,"Road-750 Black, 48",Road Bottle Cage,0.005924510272336359,0.3263157894736842,4.487378103603292
20985,Bike Buyers,A,766.9952148292282,0.9688208275211028,"Road-750 Black, 48",Water Bottle - 30 oz.,0.005160057333970377,0.28421052631578947,2.827246347808685
20987,Bike Buyers,A,751.7837256340123,0.9696415771311991,Water Bottle - 30 oz.,Mountain Bottle Cage,0.0358337314859054,0.3564638783269962,8.21672794425554
20988,Bike Buyers,A,751.7293222290508,0.9688208275211028,"Road-750 Black, 58",Road Bottle Cage,0.0061156235069278544,0.37647058823529406,5.177088969622013
20988,Bike Buyers,A,751.7293222290508,0.9688208275211028,"Road-750 Black, 58",Water Bottle - 30 oz.,0.005351170568561873,0.3294117647058823,3.276895549094162
20989,Bike Buyers,A,767.4687266899243,0.9720270624631251,LL Road Tire,Road Tire Tube,0.009077878643096034,0.5397727272727272,18.520398658718328
20989,Bike Buyers,A,767.4687266899243,0.9720270624631251,LL Road Tire,Patch Kit/8 Patches,0.005828953655040612,0.34659090909090906,9.420971074380164
20989,Bike Buyers,A,767.4687266899243,0.9720270624631251,"Road-750 Black, 44",Road Bottle Cage,0.007453416149068323,0.42857142857142855,5.893561103810775
20990,Bike Buyers,A,781.4942561714373,0.9087648139540405,Water Bottle - 30 oz.,Mountain Bottle Cage,0.0358337314859054,0.3564638783269962,8.21672794425554
20991,Bike Buyers,A,753.3954568482468,0.968524364312874,"Road-750 Black, 44",Road Bottle Cage,0.007453416149068323,0.42857142857142855,5.893561103810775
20991,Bike Buyers,A,753.3954568482468,0.968524364312874,"Road-750 Black, 44",Water Bottle - 30 oz.,0.0061156235069278544,0.3516483516483516,3.498098859315589
20992,Bike Buyers,A,753.1481137403437,0.9677501669933943,LL Road Tire,Road Tire Tube,0.009077878643096034,0.5397727272727272,18.520398658718328
20992,Bike Buyers,A,753.1481137403437,0.9677501669933943,LL Road Tire,Patch Kit/8 Patches,0.005828953655040612,0.34659090909090906,9.420971074380164
20992,Bike Buyers,A,753.1481137403437,0.9677501669933943,"Road-750 Black, 44",Road Bottle Cage,0.007453416149068323,0.42857142857142855,5.893561103810775
20993,Bike Buyers,A,775.3652951489371,0.9169178536173065,LL Road Tire,Road Tire Tube,0.009077878643096034,0.5397727272727272,18.520398658718328
20993,Bike Buyers,A,775.3652951489371,0.9169178536173065,"Road-750 Black, 48",Road Bottle Cage,0.005924510272336359,0.3263157894736842,4.487378103603292
20993,Bike Buyers,A,775.3652951489371,0.9169178536173065,"Road-750 Black, 48",Water Bottle - 30 oz.,0.005160057333970377,0.28421052631578947,2.827246347808685
20994,Bike Buyers,A,762.5898253015649,0.9330881057162196,Water Bottle - 30 oz.,Mountain Bottle Cage,0.0358337314859054,0.3564638783269962,8.21672794425554
20995,Bike Buyers,A,750.0505350762289,0.9718815773301855,"Road-750 Black, 58",Road Bottle Cage,0.0061156235069278544,0.37647058823529406,5.177088969622013
20995,Bike Buyers,A,750.0505350762289,0.9718815773301855,"Road-750 Black, 58",Water Bottle - 30 oz.,0.005351170568561873,0.3294117647058823,3.276895549094162
20996,Bike Buyers,A,759.1919838334724,0.963679393575589,LL Road Tire,Road Tire Tube,0.009077878643096034,0.5397727272727272,18.520398658718328
20996,Bike Buyers,A,759.1919838334724,0.963679393575589,"Road-750 Black, 52",Road Bottle Cage,0.006975633062589585,0.39673913043478265,5.455814717477004
20996,Bike Buyers,A,759.1919838334724,0.963679393575589,"Road-750 Black, 52",Water Bottle - 30 oz.,0.0063067367415193505,0.3586956521739131,3.5682034220532324
20997,Bike Buyers,A,528.1922645352672,0.9769113016287218,Water Bottle - 30 oz.,Mountain Bottle Cage,0.0358337314859054,0.3564638783269962,8.21672794425554
20998,Bike Buyers,A,545.1783697189612,0.9807801764663957,Road Tire Tube,HL Road Tire,0.00926899187768753,0.3180327868852459,24.117486338797814
20998,Bike Buyers,A,545.1783697189612,0.9807801764663957,Road Tire Tube,ML Road Tire,0.010797897754419493,0.3704918032786885,23.933313094515277
20998,Bike Buyers,A,545.1783697189612,0.9807801764663957,LL Road Tire,Patch Kit/8 Patches,0.005828953655040612,0.34659090909090906,9.420971074380164
20999,Bike Buyers,A,517.423719883481,0.9792389160959046,Water Bottle - 30 oz.,Mountain Bottle Cage,0.0358337314859054,0.3564638783269962,8.21672794425554
21000,Bike Buyers,A,528.0875221605937,0.9792139200779639,"Road-750 Black, 48",Road Bottle Cage,0.005924510272336359,0.3263157894736842,4.487378103603292
21000,Bike Buyers,A,528.0875221605937,0.9792139200779639,"Road-750 Black, 48",Water Bottle - 30 oz.,0.005160057333970377,0.28421052631578947,2.827246347808685
21001,Bike Buyers,A,578.0823587782385,0.9743231893950736,"Road-750 Black, 44",Road Bottle Cage,0.007453416149068323,0.42857142857142855,5.893561103810775
21001,Bike Buyers,A,578.0823587782385,0.9743231893950736,"Road-750 Black, 44",Water Bottle - 30 oz.,0.0061156235069278544,0.3516483516483516,3.498098859315589
21002,Bike Buyers,A,565.8939494828452,0.9220328986771001,Road Bottle Cage,Water Bottle - 30 oz.,0.06421404682274247,0.8830486202365307,8.784319211763588
21011,Bike Buyers,A,671.1213799054328,0.9772729309925472,AWC Logo Cap,Water Bottle - 30 oz.,0.015097945532728141,0.2936802973977695,2.9214489660338954
21012,Bike Buyers,A,679.5536158803012,0.9770491198639198,Water Bottle - 30 oz.,Mountain Bottle Cage,0.0358337314859054,0.3564638783269962,8.21672794425554
21018,Bike Buyers,A,683.1216136823704,0.9719538308216206,Road Tire Tube,HL Road Tire,0.00926899187768753,0.3180327868852459,24.117486338797814
21018,Bike Buyers,A,683.1216136823704,0.9719538308216206,Road Tire Tube,LL Road Tire,0.009077878643096034,0.3114754098360656,18.52039865871833
21020,Bike Buyers,A,656.8428294360484,0.9791055365971634,Water Bottle - 30 oz.,Mountain Bottle Cage,0.0358337314859054,0.3564638783269962,8.21672794425554
21036,Bike Buyers,A,683.0007461548604,0.9546683345858425,Road Tire Tube,HL Road Tire,0.00926899187768753,0.3180327868852459,24.117486338797814
21036,Bike Buyers,A,683.0007461548604,0.9546683345858425,Road Tire Tube,LL Road Tire,0.009077878643096034,0.3114754098360656,18.52039865871833
21036,Bike Buyers,A,683.0007461548604,0.9546683345858425,Road Tire Tube,Patch Kit/8 Patches,0.006784519827998089,0.23278688524590163,6.327570789865871
21040,Bike Buyers,A,667.5057777170168,0.9935079600965393,Road Tire Tube,HL Road Tire,0.00926899187768753,0.3180327868852459,24.117486338797814
21040,Bike Buyers,A,667.5057777170168,0.9935079600965393,Road Tire Tube,LL Road Tire,0.009077878643096034,0.3114754098360656,18.52039865871833
21040,Bike Buyers,A,667.5057777170168,0.9935079600965393,Road Tire Tube,Patch Kit/8 Patches,0.006784519827998089,0.23278688524590163,6.327570789865871
21053,Bike Buyers,A,723.9499954998936,0.975920596015758,AWC Logo Cap,Water Bottle - 30 oz.,0.015097945532728141,0.2936802973977695,2.9214489660338954
21056,Bike Buyers,A,710.6729789751463,0.9739919121193554,Road Tire Tube,HL Road Tire,0.00926899187768753,0.3180327868852459,24.117486338797814
21056,Bike Buyers,A,710.6729789751463,0.9739919121193554,Road Tire Tube,LL Road Tire,0.009077878643096034,0.3114754098360656,18.52039865871833
21056,Bike Buyers,A,710.6729789751463,0.9739919121193554,Road Tire Tube,Patch Kit/8 Patches,0.006784519827998089,0.23278688524590163,6.327570789865871
21092,Bike Buyers,A,717.4182377959704,0.981312058424585,ML Road Tire,Road Tire Tube,0.010797897754419493,0.6975308641975307,23.933313094515277
21093,Bike Buyers,A,753.7427941563437,0.9717687991399043,Road Tire Tube,HL Road Tire,0.00926899187768753,0.3180327868852459,24.117486338797814
21093,Bike Buyers,A,753.7427941563437,0.9717687991399043,Road Tire Tube,LL Road Tire,0.009077878643096034,0.3114754098360656,18.52039865871833
21103,Bike Buyers,A,723.6975044385664,0.9704555951471591,Water Bottle - 30 oz.,Mountain Bottle Cage,0.0358337314859054,0.3564638783269962,8.21672794425554
21104,Bike Buyers,A,751.4816604836311,0.9838185330717789,Road Tire Tube,HL Road Tire,0.00926899187768753,0.3180327868852459,24.117486338797814
21104,Bike Buyers,A,751.4816604836311,0.9838185330717789,Road Tire Tube,LL Road Tire,0.009077878643096034,0.3114754098360656,18.52039865871833
21104,Bike Buyers,A,751.4816604836311,0.9838185330717789,Road Tire Tube,Patch Kit/8 Patches,0.006784519827998089,0.23278688524590163,6.327570789865871
21331,Bike Buyers,A,668.1817930566813,0.9868981823721826,"Road-750 Black, 52",Road Bottle Cage,0.006975633062589585,0.39673913043478265,5.455814717477004
21331,Bike Buyers,A,668.1817930566813,0.9868981823721826,"Road-750 Black, 52",Water Bottle - 30 oz.,0.0063067367415193505,0.3586956521739131,3.5682034220532324
21332,Bike Buyers,A,675.141527342341,0.978518283735017,Road Tire Tube,HL Road Tire,0.00926899187768753,0.3180327868852459,24.117486338797814
21332,Bike Buyers,A,675.141527342341,0.978518283735017,Road Tire Tube,ML Road Tire,0.010797897754419493,0.3704918032786885,23.933313094515277
21332,Bike Buyers,A,675.141527342341,0.978518283735017,"Road-750 Black, 44",Road Bottle Cage,0.007453416149068323,0.42857142857142855,5.893561103810775
21336,Bike Buyers,A,701.091218102585,0.9584147601051329,Road Bottle Cage,Water Bottle - 30 oz.,0.06421404682274247,0.8830486202365307,8.784319211763588
21352,Bike Buyers,A,698.0493142650994,0.9519971774857384,Water Bottle - 30 oz.,Mountain Bottle Cage,0.0358337314859054,0.3564638783269962,8.21672794425554
21354,Bike Buyers,A,700.242385243338,0.946435395620346,"Road-750 Black, 52",Road Bottle Cage,0.006975633062589585,0.39673913043478265,5.455814717477004
21354,Bike Buyers,A,700.242385243338,0.946435395620346,"Road-750 Black, 52",Water Bottle - 30 oz.,0.0063067367415193505,0.3586956521739131,3.5682034220532324
21359,Bike Buyers,A,602.409994301493,0.9862624376408226,Water Bottle - 30 oz.,Mountain Bottle Cage,0.0358337314859054,0.3564638783269962,8.21672794425554
21361,Bike Buyers,A,596.1891480589625,0.9760642489619342,Water Bottle - 30 oz.,Mountain Bottle Cage,0.0358337314859054,0.3564638783269962,8.21672794425554
21379,Bike Buyers,A,594.482587204782,0.969286122395172,"Road-750 Black, 52",Road Bottle Cage,0.006975633062589585,0.39673913043478265,5.455814717477004
21379,Bike Buyers,A,594.482587204782,0.969286122395172,"Road-750 Black, 52",Water Bottle - 30 oz.,0.0063067367415193505,0.3586956521739131,3.5682034220532324
21380,Bike Buyers,A,541.6092560398096,0.9880449721154121,Water Bottle - 30 oz.,Mountain Bottle Cage,0.0358337314859054,0.3564638783269962,8.21672794425554
21384,Bike Buyers,A,582.4451993422432,0.9698113191613994,Road Tire Tube,HL Road Tire,0.00926899187768753,0.3180327868852459,24.117486338797814
21384,Bike Buyers,A,582.4451993422432,0.9698113191613994,Road Tire Tube,ML Road Tire,0.010797897754419493,0.3704918032786885,23.933313094515277
21384,Bike Buyers,A,582.4451993422432,0.9698113191613994,LL Road Tire,Patch Kit/8 Patches,0.005828953655040612,0.34659090909090906,9.420971074380164
21387,Bike Buyers,A,538.3833559726528,0.9882568050572544,LL Road Tire,Road Tire Tube,0.009077878643096034,0.5397727272727272,18.520398658718328
21387,Bike Buyers,A,538.3833559726528,0.9882568050572544,"Road-750 Black, 52",Road Bottle Cage,0.006975633062589585,0.39673913043478265,5.455814717477004
21387,Bike Buyers,A,538.3833559726528,0.9882568050572544,"Road-750 Black, 52",Water Bottle - 30 oz.,0.0063067367415193505,0.3586956521739131,3.5682034220532324
21389,Bike Buyers,A,544.6059563317701,0.9867244825596451,Water Bottle - 30 oz.,Mountain Bottle Cage,0.0358337314859054,0.3564638783269962,8.21672794425554
21400,Bike Buyers,A,718.3640519506072,0.9638383857860716,Water Bottle - 30 oz.,Mountain Bottle Cage,0.0358337314859054,0.3564638783269962,8.21672794425554
21545,Bike Buyers,A,514.7129898980586,0.9328300408826116,AWC Logo Cap,Water Bottle - 30 oz.,0.015097945532728141,0.2936802973977695,2.9214489660338954
21582,Bike Buyers,A,732.0414203227447,0.968602865281773,Water Bottle - 30 oz.,Mountain Bottle Cage,0.0358337314859054,0.3564638783269962,8.21672794425554
21589,Bike Buyers,A,708.9560684538963,0.9148622899262255,"Road-750 Black, 52",Road Bottle Cage,0.006975633062589585,0.39673913043478265,5.455814717477004
21589,Bike Buyers,A,708.9560684538963,0.9148622899262255,"Road-750 Black, 52",Water Bottle - 30 oz.,0.0063067367415193505,0.3586956521739131,3.5682034220532324
21595,Bike Buyers,A,727.8899937861263,0.9677581621127745,Road Tire Tube,HL Road Tire,0.00926899187768753,0.3180327868852459,24.117486338797814
21595,Bike Buyers,A,727.8899937861263,0.9677581621127745,Road Tire Tube,ML Road Tire,0.010797897754419493,0.3704918032786885,23.933313094515277
21595,Bike Buyers,A,727.8899937861263,0.9677581621127745,LL Road Tire,Patch Kit/8 Patches,0.005828953655040612,0.34659090909090906,9.420971074380164
21613,Bike Buyers,A,736.8084384215159,0.9709653255925704,LL Road Tire,Road Tire Tube,0.009077878643096034,0.5397727272727272,18.520398658718328
21613,Bike Buyers,A,736.8084384215159,0.9709653255925704,LL Road Tire,Patch Kit/8 Patches,0.005828953655040612,0.34659090909090906,9.420971074380164
21613,Bike Buyers,A,736.8084384215159,0.9709653255925704,"Road-750 Black, 52",Road Bottle Cage,0.006975633062589585,0.39673913043478265,5.455814717477004
21614,Bike Buyers,A,773.0148882908906,0.9597598677645333,"Road-750 Black, 52",Road Bottle Cage,0.006975633062589585,0.39673913043478265,5.455814717477004
21614,Bike Buyers,A,773.0148882908906,0.9597598677645333,"Road-750 Black, 52",Water Bottle - 30 oz.,0.0063067367415193505,0.3586956521739131,3.5682034220532324
21620,Bike Buyers,A,753.7383389320719,0.9455003472634163,Road Bottle Cage,Water Bottle - 30 oz.,0.06421404682274247,0.8830486202365307,8.784319211763588
21621,Bike Buyers,A,784.121560598413,0.9844656648510578,Road Tire Tube,HL Road Tire,0.00926899187768753,0.3180327868852459,24.117486338797814
21621,Bike Buyers,A,784.121560598413,0.9844656648510578,Road Tire Tube,ML Road Tire,0.010797897754419493,0.3704918032786885,23.933313094515277
21621,Bike Buyers,A,784.121560598413,0.9844656648510578,"Road-750 Black, 58",Road Bottle Cage,0.0061156235069278544,0.37647058823529406,5.177088969622013
21655,Bike Buyers,A,850.5286051708376,0.9716726528652779,AWC Logo Cap,Water Bottle - 30 oz.,0.015097945532728141,0.2936802973977695,2.9214489660338954
21741,Bike Buyers,A,558.7492997459337,0.9376226342002122,AWC Logo Cap,Water Bottle - 30 oz.,0.015097945532728141,0.2936802973977695,2.9214489660338954
21939,Bike Buyers,A,572.0594331521511,0.9180450196833453,Mountain Bottle Cage,Water Bottle - 30 oz.,0.0358337314859054,0.8259911894273128,8.21672794425554
22050,Bike Buyers,A,580.3834500596744,0.9372477968540579,Water Bottle - 30 oz.,Road Bottle Cage,0.06421404682274247,0.6387832699619771,8.784319211763588
22114,Bike Buyers,A,584.5335518924478,0.9113733146348515,Mountain Tire Tube,HL Mountain Tire,0.015002388915432393,0.7072072072072072,32.177927927927925
22114,Bike Buyers,A,584.5335518924478,0.9113733146348515,Mountain Tire Tube,Patch Kit/8 Patches,0.00544672718585762,0.25675675675675674,6.979115479115478
22117,Bike Buyers,A,591.5621220888194,0.925185867929983,Water Bottle - 30 oz.,Road Bottle Cage,0.06421404682274247,0.6387832699619771,8.784319211763588
22118,Bike Buyers,A,607.7999659334206,0.9495140254918117,Water Bottle - 30 oz.,Road Bottle Cage,0.06421404682274247,0.6387832699619771,8.784319211763588
22128,Bike Buyers,A,624.25661401858,0.9723446562115583,Water Bottle - 30 oz.,Road Bottle Cage,0.06421404682274247,0.6387832699619771,8.784319211763588
22168,Bike Buyers,A,640.1306941150049,0.9751873454199986,Water Bottle - 30 oz.,Mountain Bottle Cage,0.0358337314859054,0.3564638783269962,8.21672794425554
22170,Bike Buyers,A,579.6723566899815,0.986733635414662,LL Road Tire,Road Tire Tube,0.009077878643096034,0.5397727272727272,18.520398658718328
22170,Bike Buyers,A,579.6723566899815,0.986733635414662,"Road-750 Black, 48",Road Bottle Cage,0.005924510272336359,0.3263157894736842,4.487378103603292
22170,Bike Buyers,A,579.6723566899815,0.986733635414662,"Road-750 Black, 48",Water Bottle - 30 oz.,0.005160057333970377,0.28421052631578947,2.827246347808685
22171,Bike Buyers,A,590.512219202926,0.9870593239071715,"Road-750 Black, 48",Road Bottle Cage,0.005924510272336359,0.3263157894736842,4.487378103603292
22171,Bike Buyers,A,590.512219202926,0.9870593239071715,"Road-750 Black, 48",Water Bottle - 30 oz.,0.005160057333970377,0.28421052631578947,2.827246347808685
22172,Bike Buyers,A,617.4889771716425,0.9381282878793329,Road Tire Tube,HL Road Tire,0.00926899187768753,0.3180327868852459,24.117486338797814
22172,Bike Buyers,A,617.4889771716425,0.9381282878793329,Road Tire Tube,ML Road Tire,0.010797897754419493,0.3704918032786885,23.933313094515277
22172,Bike Buyers,A,617.4889771716425,0.9381282878793329,"Road-750 Black, 48",Road Bottle Cage,0.005924510272336359,0.3263157894736842,4.487378103603292
22173,Bike Buyers,A,581.3226375700985,0.9876215628636099,Water Bottle - 30 oz.,Mountain Bottle Cage,0.0358337314859054,0.3564638783269962,8.21672794425554
22174,Bike Buyers,A,641.5414064469963,0.9677964191350555,"Road-750 Black, 58",Road Bottle Cage,0.0061156235069278544,0.37647058823529406,5.177088969622013
22174,Bike Buyers,A,641.5414064469963,0.9677964191350555,"Road-750 Black, 58",Water Bottle - 30 oz.,0.005351170568561873,0.3294117647058823,3.276895549094162
22175,Bike Buyers,A,644.6090818551055,0.9781150756043224,"Road-750 Black, 52",Road Bottle Cage,0.006975633062589585,0.39673913043478265,5.455814717477004
22175,Bike Buyers,A,644.6090818551055,0.9781150756043224,"Road-750 Black, 52",Water Bottle - 30 oz.,0.0063067367415193505,0.3586956521739131,3.5682034220532324
22232,Bike Buyers,A,897.5333147768182,0.8934694438735714,Water Bottle - 30 oz.,Mountain Bottle Cage,0.0358337314859054,0.3564638783269962,8.21672794425554
22234,Bike Buyers,A,897.8183738191769,0.9721766939833474,Water Bottle - 30 oz.,Mountain Bottle Cage,0.0358337314859054,0.3564638783269962,8.21672794425554
22247,Bike Buyers,A,921.6573929506774,0.9488474511145718,Water Bottle - 30 oz.,Mountain Bottle Cage,0.0358337314859054,0.3564638783269962,8.21672794425554
22399,Bike Buyers,A,623.0836109191378,0.9914474562477688,"Road-750 Black, 48",Road Bottle Cage,0.005924510272336359,0.3263157894736842,4.487378103603292
22399,Bike Buyers,A,623.0836109191378,0.9914474562477688,"Road-750 Black, 48",Water Bottle - 30 oz.,0.005160057333970377,0.28421052631578947,2.827246347808685
22400,Bike Buyers,A,598.753448907948,0.9889407432731849,Water Bottle - 30 oz.,Mountain Bottle Cage,0.0358337314859054,0.3564638783269962,8.21672794425554
22401,Bike Buyers,A,667.3530941434744,0.9716357117188089,"Road-750 Black, 52",Road Bottle Cage,0.006975633062589585,0.39673913043478265,5.455814717477004
22401,Bike Buyers,A,667.3530941434744,0.9716357117188089,"Road-750 Black, 52",Water Bottle - 30 oz.,0.0063067367415193505,0.3586956521739131,3.5682034220532324
22402,Bike Buyers,A,603.1881784839395,0.9893765168349489,"Road-750 Black, 48",Road Bottle Cage,0.005924510272336359,0.3263157894736842,4.487378103603292
22402,Bike Buyers,A,603.1881784839395,0.9893765168349489,"Road-750 Black, 48",Water Bottle - 30 oz.,0.005160057333970377,0.28421052631578947,2.827246347808685
22404,Bike Buyers,A,677.4455521426468,0.9576852027306764,"Road-750 Black, 48",Road Bottle Cage,0.005924510272336359,0.3263157894736842,4.487378103603292
22404,Bike Buyers,A,677.4455521426468,0.9576852027306764,"Road-750 Black, 48",Water Bottle - 30 oz.,0.005160057333970377,0.28421052631578947,2.827246347808685
22406,Bike Buyers,A,684.4345461387234,0.9757416996905015,"Road-750 Black, 48",Road Bottle Cage,0.005924510272336359,0.3263157894736842,4.487378103603292
22406,Bike Buyers,A,684.4345461387234,0.9757416996905015,"Road-750 Black, 48",Water Bottle - 30 oz.,0.005160057333970377,0.28421052631578947,2.827246347808685
22407,Bike Buyers,A,618.3935335648005,0.9870528776055548,"Road-750 Black, 52",Road Bottle Cage,0.006975633062589585,0.39673913043478265,5.455814717477004
22407,Bike Buyers,A,618.3935335648005,0.9870528776055548,"Road-750 Black, 52",Water Bottle - 30 oz.,0.0063067367415193505,0.3586956521739131,3.5682034220532324
22408,Bike Buyers,A,614.0184992226135,0.9908588486265615,Water Bottle - 30 oz.,Mountain Bottle Cage,0.0358337314859054,0.3564638783269962,8.21672794425554
22409,Bike Buyers,A,617.7207068587909,0.9820273230126924,"Road-750 Black, 58",Road Bottle Cage,0.0061156235069278544,0.37647058823529406,5.177088969622013
22409,Bike Buyers,A,617.7207068587909,0.9820273230126924,"Road-750 Black, 58",Water Bottle - 30 oz.,0.005351170568561873,0.3294117647058823,3.276895549094162
22410,Bike Buyers,A,656.6806155083967,0.9698911980722915,"Road-750 Black, 52",Road Bottle Cage,0.006975633062589585,0.39673913043478265,5.455814717477004
22410,Bike Buyers,A,656.6806155083967,0.9698911980722915,"Road-750 Black, 52",Water Bottle - 30 oz.,0.0063067367415193505,0.3586956521739131,3.5682034220532324
22411,Bike Buyers,A,625.7722451385355,0.9886768298324591,Water Bottle - 30 oz.,Mountain Bottle Cage,0.0358337314859054,0.3564638783269962,8.21672794425554
22412,Bike Buyers,A,659.9698530460619,0.980051080434684,"Road-750 Black, 48",Road Bottle Cage,0.005924510272336359,0.3263157894736842,4.487378103603292
22412,Bike Buyers,A,659.9698530460619,0.980051080434684,"Road-750 Black, 48",Water Bottle - 30 oz.,0.005160057333970377,0.28421052631578947,2.827246347808685
22465,Bike Buyers,A,520.5109131134041,0.8513317085201293,Water Bottle - 30 oz.,Mountain Bottle Cage,0.0358337314859054,0.3564638783269962,8.21672794425554
22500,Bike Buyers,A,551.4582734092234,0.9042630996823385,Water Bottle - 30 oz.,Mountain Bottle Cage,0.0358337314859054,0.3564638783269962,8.21672794425554
22501,Bike Buyers,A,628.9896270434202,0.8541596148922653,Water Bottle - 30 oz.,Mountain Bottle Cage,0.0358337314859054,0.3564638783269962,8.21672794425554
22524,Bike Buyers,A,581.6543357479194,0.9277753748662521,HL Road Tire,Road Tire Tube,0.00926899187768753,0.7028985507246376,24.11748633879781
22571,Bike Buyers,A,625.7648412902175,0.9900130143209359,"Road-750 Black, 44",Road Bottle Cage,0.007453416149068323,0.42857142857142855,5.893561103810775
22571,Bike Buyers,A,625.7648412902175,0.9900130143209359,"Road-750 Black, 44",Water Bottle - 30 oz.,0.0061156235069278544,0.3516483516483516,3.498098859315589
22572,Bike Buyers,A,677.8182639188087,0.9731321060336786,Water Bottle - 30 oz.,Mountain Bottle Cage,0.0358337314859054,0.3564638783269962,8.21672794425554
22573,Bike Buyers,A,613.0581264913253,0.9837529781782055,"Road-750 Black, 58",Road Bottle Cage,0.0061156235069278544,0.37647058823529406,5.177088969622013
22573,Bike Buyers,A,613.0581264913253,0.9837529781782055,"Road-750 Black, 58",Water Bottle - 30 oz.,0.005351170568561873,0.3294117647058823,3.276895549094162
22575,Bike Buyers,A,660.8447230158034,0.980051080434684,"Road-750 Black, 48",Road Bottle Cage,0.005924510272336359,0.3263157894736842,4.487378103603292
22575,Bike Buyers,A,660.8447230158034,0.980051080434684,"Road-750 Black, 48",Water Bottle - 30 oz.,0.005160057333970377,0.28421052631578947,2.827246347808685
22576,Bike Buyers,A,595.9917876768014,0.9846994308524623,"Road-750 Black, 48",Road Bottle Cage,0.005924510272336359,0.3263157894736842,4.487378103603292
22576,Bike Buyers,A,595.9917876768014,0.9846994308524623,"Road-750 Black, 48",Water Bottle - 30 oz.,0.005160057333970377,0.28421052631578947,2.827246347808685
22577,Bike Buyers,A,623.843299328224,0.9878564309869335,LL Road Tire,Road Tire Tube,0.009077878643096034,0.5397727272727272,18.520398658718328
22577,Bike Buyers,A,623.843299328224,0.9878564309869335,LL Road Tire,Patch Kit/8 Patches,0.005828953655040612,0.34659090909090906,9.420971074380164
22577,Bike Buyers,A,623.843299328224,0.9878564309869335,"Road-750 Black, 52",Road Bottle Cage,0.006975633062589585,0.39673913043478265,5.455814717477004
22578,Bike Buyers,A,605.4677162336087,0.9887155018937829,Water Bottle - 30 oz.,Mountain Bottle Cage,0.0358337314859054,0.3564638783269962,8.21672794425554
22579,Bike Buyers,A,610.0874891493419,0.9902751064746951,"Road-750 Black, 48",Road Bottle Cage,0.005924510272336359,0.3263157894736842,4.487378103603292
22579,Bike Buyers,A,610.0874891493419,0.9902751064746951,AWC Logo Cap,Water Bottle - 30 oz.,0.015097945532728141,0.2936802973977695,2.9214489660338954
22580,Bike Buyers,A,668.9383954532216,0.9643401392787558,Water Bottle - 30 oz.,Mountain Bottle Cage,0.0358337314859054,0.3564638783269962,8.21672794425554
22581,Bike Buyers,A,609.3298572198906,0.9878196949591368,Road Tire Tube,HL Road Tire,0.00926899187768753,0.3180327868852459,24.117486338797814
22581,Bike Buyers,A,609.3298572198906,0.9878196949591368,Road Tire Tube,ML Road Tire,0.010797897754419493,0.3704918032786885,23.933313094515277
22581,Bike Buyers,A,609.3298572198906,0.9878196949591368,"Road-750 Black, 48",Road Bottle Cage,0.005924510272336359,0.3263157894736842,4.487378103603292
22582,Bike Buyers,A,607.6656060694718,0.9909344379422491,"Road-750 Black, 44",Road Bottle Cage,0.007453416149068323,0.42857142857142855,5.893561103810775
22582,Bike Buyers,A,607.6656060694718,0.9909344379422491,"Road-750 Black, 44",Water Bottle - 30 oz.,0.0061156235069278544,0.3516483516483516,3.498098859315589
22583,Bike Buyers,A,629.5184646129733,0.992223612905287,Road Tire Tube,HL Road Tire,0.00926899187768753,0.3180327868852459,24.117486338797814
22583,Bike Buyers,A,629.5184646129733,0.992223612905287,Road Tire Tube,ML Road Tire,0.010797897754419493,0.3704918032786885,23.933313094515277
22583,Bike Buyers,A,629.5184646129733,0.992223612905287,LL Road Tire,Patch Kit/8 Patches,0.005828953655040612,0.34659090909090906,9.420971074380164
22595,Bike Buyers,A,649.9679218335576,0.9442586776002718,HL Road Tire,Road Tire Tube,0.00926899187768753,0.7028985507246376,24.11748633879781
22595,Bike Buyers,A,649.9679218335576,0.9442586776002718,AWC Logo Cap,Water Bottle - 30 oz.,0.015097945532728141,0.2936802973977695,2.9214489660338954
22893,Bike Buyers,A,964.285181674763,0.9991702383208126,HL Road Tire,Road Tire Tube,0.00926899187768753,0.7028985507246376,24.11748633879781
22903,Bike Buyers,A,963.9209297306277,0.9984637221771189,HL Road Tire,Road Tire Tube,0.00926899187768753,0.7028985507246376,24.11748633879781
22932,Bike Buyers,A,950.1518085006755,0.9718050634348115,ML Road Tire,Road Tire Tube,0.010797897754419493,0.6975308641975307,23.933313094515277
22940,Bike Buyers,A,957.475530605208,0.978465223681612,AWC Logo Cap,Water Bottle - 30 oz.,0.015097945532728141,0.2936802973977695,2.9214489660338954
22946,Bike Buyers,A,912.9087324896627,0.9620361381175895,Road Tire Tube,HL Road Tire,0.00926899187768753,0.3180327868852459,24.117486338797814
22946,Bike Buyers,A,912.9087324896627,0.9620361381175895,Road Tire Tube,LL Road Tire,0.009077878643096034,0.3114754098360656,18.52039865871833
22946,Bike Buyers,A,912.9087324896627,0.9620361381175895,Road Tire Tube,Patch Kit/8 Patches,0.006784519827998089,0.23278688524590163,6.327570789865871
22951,Bike Buyers,A,995.624284019829,0.956924711567353,AWC Logo Cap,Water Bottle - 30 oz.,0.015097945532728141,0.2936802973977695,2.9214489660338954
22953,Bike Buyers,A,889.9724186183628,0.9633196736078057,Road Bottle Cage,Water Bottle - 30 oz.,0.06421404682274247,0.8830486202365307,8.784319211763588
22961,Bike Buyers,A,893.0992965753721,0.9705180482909967,AWC Logo Cap,Water Bottle - 30 oz.,0.015097945532728141,0.2936802973977695,2.9214489660338954
22986,Bike Buyers,A,647.4069682136425,0.990399858218654,"Road-750 Black, 52",Road Bottle Cage,0.006975633062589585,0.39673913043478265,5.455814717477004
22986,Bike Buyers,A,647.4069682136425,0.990399858218654,"Road-750 Black, 52",Water Bottle - 30 oz.,0.0063067367415193505,0.3586956521739131,3.5682034220532324
22995,Bike Buyers,A,996.6554578494391,0.9975472789255182,Road Tire Tube,ML Road Tire,0.010797897754419493,0.3704918032786885,23.933313094515277
22995,Bike Buyers,A,996.6554578494391,0.9975472789255182,Road Tire Tube,LL Road Tire,0.009077878643096034,0.3114754098360656,18.52039865871833
22996,Bike Buyers,A,972.2164364952025,0.9943002961776745,Water Bottle - 30 oz.,Mountain Bottle Cage,0.0358337314859054,0.3564638783269962,8.21672794425554
23098,Bike Buyers,A,626.952425699194,0.9922543767444493,LL Road Tire,Road Tire Tube,0.009077878643096034,0.5397727272727272,18.520398658718328
23098,Bike Buyers,A,626.952425699194,0.9922543767444493,"Road-750 Black, 44",Road Bottle Cage,0.007453416149068323,0.42857142857142855,5.893561103810775
23098,Bike Buyers,A,626.952425699194,0.9922543767444493,"Road-750 Black, 44",Water Bottle - 30 oz.,0.0061156235069278544,0.3516483516483516,3.498098859315589
23099,Bike Buyers,A,707.6033887638098,0.8672604094638133,"Road-750 Black, 58",Road Bottle Cage,0.0061156235069278544,0.37647058823529406,5.177088969622013
23099,Bike Buyers,A,707.6033887638098,0.8672604094638133,"Road-750 Black, 58",Water Bottle - 30 oz.,0.005351170568561873,0.3294117647058823,3.276895549094162
23100,Bike Buyers,A,711.1901156742651,0.9726746416600955,LL Road Tire,Road Tire Tube,0.009077878643096034,0.5397727272727272,18.520398658718328
23100,Bike Buyers,A,711.1901156742651,0.9726746416600955,"Road-750 Black, 44",Road Bottle Cage,0.007453416149068323,0.42857142857142855,5.893561103810775
23100,Bike Buyers,A,711.1901156742651,0.9726746416600955,"Road-750 Black, 44",Water Bottle - 30 oz.,0.0061156235069278544,0.3516483516483516,3.498098859315589
23101,Bike Buyers,A,651.7897513968562,0.9934230450479107,Water Bottle - 30 oz.,Mountain Bottle Cage,0.0358337314859054,0.3564638783269962,8.21672794425554
23102,Bike Buyers,A,623.5819521140903,0.9732161407479568,"Road-750 Black, 48",Road Bottle Cage,0.005924510272336359,0.3263157894736842,4.487378103603292
23102,Bike Buyers,A,623.5819521140903,0.9732161407479568,AWC Logo Cap,Water Bottle - 30 oz.,0.015097945532728141,0.2936802973977695,2.9214489660338954
23104,Bike Buyers,A,826.3632677286834,0.9402184825544995,Road Tire Tube,HL Road Tire,0.00926899187768753,0.3180327868852459,24.117486338797814
23104,Bike Buyers,A,826.3632677286834,0.9402184825544995,Road Tire Tube,LL Road Tire,0.009077878643096034,0.3114754098360656,18.52039865871833
23104,Bike Buyers,A,826.3632677286834,0.9402184825544995,Road Tire Tube,Patch Kit/8 Patches,0.006784519827998089,0.23278688524590163,6.327570789865871
23106,Bike Buyers,A,920.6713935508723,0.9674495988917753,Water Bottle - 30 oz.,Mountain Bottle Cage,0.0358337314859054,0.3564638783269962,8.21672794425554
23107,Bike Buyers,A,922.4538183524883,0.9632757898000076,Water Bottle - 30 oz.,Mountain Bottle Cage,0.0358337314859054,0.3564638783269962,8.21672794425554
23117,Bike Buyers,A,955.3848576140001,0.9746652126704332,Water Bottle - 30 oz.,Mountain Bottle Cage,0.0358337314859054,0.3564638783269962,8.21672794425554
23118,Bike Buyers,A,935.9356606364498,0.9616963130445568,Road Tire Tube,HL Road Tire,0.00926899187768753,0.3180327868852459,24.117486338797814
23118,Bike Buyers,A,935.9356606364498,0.9616963130445568,Road Tire Tube,LL Road Tire,0.009077878643096034,0.3114754098360656,18.52039865871833
23119,Bike Buyers,A,978.9582706506056,0.9499353820210887,AWC Logo Cap,Water Bottle - 30 oz.,0.015097945532728141,0.2936802973977695,2.9214489660338954
23164,Bike Buyers,A,787.5898849708401,0.9711385372329294,Water Bottle - 30 oz.,Mountain Bottle Cage,0.0358337314859054,0.3564638783269962,8.21672794425554
23172,Bike Buyers,A,773.3778521200885,0.9721464659311423,Water Bottle - 30 oz.,Mountain Bottle Cage,0.0358337314859054,0.3564638783269962,8.21672794425554
23209,Bike Buyers,A,777.5113769919126,0.9552031315576628,AWC Logo Cap,Water Bottle - 30 oz.,0.015097945532728141,0.2936802973977695,2.9214489660338954
23267,Bike Buyers,A,798.1732019163429,0.8540835038062221,Water Bottle - 30 oz.,Mountain Bottle Cage,0.0358337314859054,0.3564638783269962,8.21672794425554
23276,Bike Buyers,A,626.9382442111544,0.9266682560650116,AWC Logo Cap,Water Bottle - 30 oz.,0.015097945532728141,0.2936802973977695,2.9214489660338954
23310,Bike Buyers,A,816.2400731699722,0.9473167598118362,Road Tire Tube,HL Road Tire,0.00926899187768753,0.3180327868852459,24.117486338797814
23310,Bike Buyers,A,816.2400731699722,0.9473167598118362,Road Tire Tube,LL Road Tire,0.009077878643096034,0.3114754098360656,18.52039865871833
23313,Bike Buyers,A,703.4451801558433,0.9436379623952481,Road Tire Tube,HL Road Tire,0.00926899187768753,0.3180327868852459,24.117486338797814
23313,Bike Buyers,A,703.4451801558433,0.9436379623952481,Road Tire Tube,ML Road Tire,0.010797897754419493,0.3704918032786885,23.933313094515277
23313,Bike Buyers,A,703.4451801558433,0.9436379623952481,LL Road Tire,Patch Kit/8 Patches,0.005828953655040612,0.34659090909090906,9.420971074380164
23314,Bike Buyers,A,661.5190046895403,0.9931229809227142,Water Bottle - 30 oz.,Mountain Bottle Cage,0.0358337314859054,0.3564638783269962,8.21672794425554
23316,Bike Buyers,A,683.2864243408017,0.9965339845334414,"Road-750 Black, 48",Road Bottle Cage,0.005924510272336359,0.3263157894736842,4.487378103603292
23316,Bike Buyers,A,683.2864243408017,0.9965339845334414,"Road-750 Black, 48",Water Bottle - 30 oz.,0.005160057333970377,0.28421052631578947,2.827246347808685
23320,Bike Buyers,A,669.8854779193847,0.9687750759588695,"Road-750 Black, 48",Road Bottle Cage,0.005924510272336359,0.3263157894736842,4.487378103603292
23320,Bike Buyers,A,669.8854779193847,0.9687750759588695,"Road-750 Black, 48",Water Bottle - 30 oz.,0.005160057333970377,0.28421052631578947,2.827246347808685
23321,Bike Buyers,A,760.9109662526489,0.9913789901527089,Water Bottle - 30 oz.,Mountain Bottle Cage,0.0358337314859054,0.3564638783269962,8.21672794425554
23322,Bike Buyers,A,747.4442576888587,0.9907150632340646,"Road-750 Black, 52",Road Bottle Cage,0.006975633062589585,0.39673913043478265,5.455814717477004
23322,Bike Buyers,A,747.4442576888587,0.9907150632340646,"Road-750 Black, 52",Water Bottle - 30 oz.,0.0063067367415193505,0.3586956521739131,3.5682034220532324
23323,Bike Buyers,A,677.5309801466234,0.9933305369970599,LL Road Tire,Road Tire Tube,0.009077878643096034,0.5397727272727272,18.520398658718328
23323,Bike Buyers,A,677.5309801466234,0.9933305369970599,"Road-750 Black, 48",Road Bottle Cage,0.005924510272336359,0.3263157894736842,4.487378103603292
23323,Bike Buyers,A,677.5309801466234,0.9933305369970599,"Road-750 Black, 48",Water Bottle - 30 oz.,0.005160057333970377,0.28421052631578947,2.827246347808685
23324,Bike Buyers,A,659.1181856685535,0.9800384381855158,Road Bottle Cage,Water Bottle - 30 oz.,0.06421404682274247,0.8830486202365307,8.784319211763588
23325,Bike Buyers,A,739.5887713497804,0.967531523230801,Water Bottle - 30 oz.,Mountain Bottle Cage,0.0358337314859054,0.3564638783269962,8.21672794425554
23348,Bike Buyers,A,1023.1404770143906,0.9770607537633733,Water Bottle - 30 oz.,Mountain Bottle Cage,0.0358337314859054,0.3564638783269962,8.21672794425554
23378,Bike Buyers,A,894.1461252623825,0.9860927287012646,Road Tire Tube,HL Road Tire,0.00926899187768753,0.3180327868852459,24.117486338797814
23378,Bike Buyers,A,894.1461252623825,0.9860927287012646,Road Tire Tube,LL Road Tire,0.009077878643096034,0.3114754098360656,18.52039865871833
23378,Bike Buyers,A,894.1461252623825,0.9860927287012646,Road Tire Tube,Patch Kit/8 Patches,0.006784519827998089,0.23278688524590163,6.327570789865871
23410,Bike Buyers,A,987.6425977898023,0.9636700114210937,Water Bottle - 30 oz.,Mountain Bottle Cage,0.0358337314859054,0.3564638783269962,8.21672794425554
23411,Bike Buyers,A,852.001916050868,0.9600318971031792,Water Bottle - 30 oz.,Mountain Bottle Cage,0.0358337314859054,0.3564638783269962,8.21672794425554
23412,Bike Buyers,A,870.4596906563178,0.9602929826306046,Water Bottle - 30 oz.,Mountain Bottle Cage,0.0358337314859054,0.3564638783269962,8.21672794425554
23415,Bike Buyers,A,854.6195313501061,0.958304987942368,ML Road Tire,Road Tire Tube,0.010797897754419493,0.6975308641975307,23.933313094515277
23418,Bike Buyers,A,813.2494871837234,0.8797672863229459,AWC Logo Cap,Water Bottle - 30 oz.,0.015097945532728141,0.2936802973977695,2.9214489660338954
23421,Bike Buyers,A,1004.7985014095769,0.9537839163737608,Road Tire Tube,HL Road Tire,0.00926899187768753,0.3180327868852459,24.117486338797814
23421,Bike Buyers,A,1004.7985014095769,0.9537839163737608,Road Tire Tube,LL Road Tire,0.009077878643096034,0.3114754098360656,18.52039865871833
23421,Bike Buyers,A,1004.7985014095769,0.9537839163737608,Road Tire Tube,Patch Kit/8 Patches,0.006784519827998089,0.23278688524590163,6.327570789865871
23422,Bike Buyers,A,1005.2849059995656,0.9803953945579649,Road Tire Tube,HL Road Tire,0.00926899187768753,0.3180327868852459,24.117486338797814
23422,Bike Buyers,A,1005.2849059995656,0.9803953945579649,Road Tire Tube,LL Road Tire,0.009077878643096034,0.3114754098360656,18.52039865871833
23422,Bike Buyers,A,1005.2849059995656,0.9803953945579649,Road Tire Tube,Patch Kit/8 Patches,0.006784519827998089,0.23278688524590163,6.327570789865871
23425,Bike Buyers,A,1018.7191131243835,0.9638854939683029,Water Bottle - 30 oz.,Mountain Bottle Cage,0.0358337314859054,0.3564638783269962,8.21672794425554
23431,Bike Buyers,A,1034.787632108635,0.9709898252812227,Water Bottle - 30 oz.,Mountain Bottle Cage,0.0358337314859054,0.3564638783269962,8.21672794425554
23436,Bike Buyers,A,999.7274337866871,0.9862264757068925,Water Bottle - 30 oz.,Mountain Bottle Cage,0.0358337314859054,0.3564638783269962,8.21672794425554
23486,Bike Buyers,A,925.8737655930978,0.9912301686577609,Road Tire Tube,HL Road Tire,0.00926899187768753,0.3180327868852459,24.117486338797814
23486,Bike Buyers,A,925.8737655930978,0.9912301686577609,Road Tire Tube,LL Road Tire,0.009077878643096034,0.3114754098360656,18.52039865871833
23486,Bike Buyers,A,925.8737655930978,0.9912301686577609,Road Tire Tube,Patch Kit/8 Patches,0.006784519827998089,0.23278688524590163,6.327570789865871
23531,Bike Buyers,A,834.5332642876654,0.9094760922185062,ML Road Tire,Road Tire Tube,0.010797897754419493,0.6975308641975307,23.933313094515277
23540,Bike Buyers,A,927.8871700651174,0.8922574420020775,AWC Logo Cap,Water Bottle - 30 oz.,0.015097945532728141,0.2936802973977695,2.9214489660338954
23858,Bike Buyers,A,804.0766546957815,0.8690788157174646,Water Bottle - 30 oz.,Mountain Bottle Cage,0.0358337314859054,0.3564638783269962,8.21672794425554
23859,Bike Buyers,A,722.9343271189709,0.9434933224400863,"Road-750 Black, 58",Road Bottle Cage,0.0061156235069278544,0.37647058823529406,5.177088969622013
23859,Bike Buyers,A,722.9343271189709,0.9434933224400863,"Road-750 Black, 58",Water Bottle - 30 oz.,0.005351170568561873,0.3294117647058823,3.276895549094162
23921,Bike Buyers,A,502.28653752145766,0.8711122523927589,Water Bottle - 30 oz.,Mountain Bottle Cage,0.0358337314859054,0.3564638783269962,8.21672794425554
23922,Bike Buyers,A,525.6098741216982,0.9102180038254265,Water Bottle - 30 oz.,Mountain Bottle Cage,0.0358337314859054,0.3564638783269962,8.21672794425554
23925,Bike Buyers,A,527.7393616765132,0.933796744374936,Water Bottle - 30 oz.,Mountain Bottle Cage,0.0358337314859054,0.3564638783269962,8.21672794425554
24040,Bike Buyers,A,642.2300192610026,0.9485508017710739,Road Tire Tube,ML Road Tire,0.010797897754419493,0.3704918032786885,23.933313094515277
24040,Bike Buyers,A,642.2300192610026,0.9485508017710739,Road Tire Tube,LL Road Tire,0.009077878643096034,0.3114754098360656,18.52039865871833
24158,Bike Buyers,A,534.2679868118543,0.8895975333230807,Water Bottle - 30 oz.,Mountain Bottle Cage,0.0358337314859054,0.3564638783269962,8.21672794425554
24183,Bike Buyers,A,568.1444922401554,0.8843957248388336,Water Bottle - 30 oz.,Mountain Bottle Cage,0.0358337314859054,0.3564638783269962,8.21672794425554
24190,Bike Buyers,A,591.5134181616743,0.9044495257104541,AWC Logo Cap,Water Bottle - 30 oz.,0.015097945532728141,0.2936802973977695,2.9214489660338954
24198,Bike Buyers,A,584.1972346450286,0.8720654805328764,Water Bottle - 30 oz.,Mountain Bottle Cage,0.0358337314859054,0.3564638783269962,8.21672794425554
24201,Bike Buyers,A,638.1093314235864,0.9540308461469806,AWC Logo Cap,Water Bottle - 30 oz.,0.015097945532728141,0.2936802973977695,2.9214489660338954
24344,Bike Buyers,A,773.1556178033296,0.6892031985995839,AWC Logo Cap,Water Bottle - 30 oz.,0.015097945532728141,0.2936802973977695,2.9214489660338954
24346,Bike Buyers,A,519.0839204677775,0.8734550661539593,Hydration Pack - 70 oz.,Water Bottle - 30 oz.,0.005924510272336359,0.4,3.979087452471483
24353,Bike Buyers,A,519.0175802836175,0.9009750639654195,Water Bottle - 30 oz.,Mountain Bottle Cage,0.0358337314859054,0.3564638783269962,8.21672794425554
24360,Bike Buyers,A,1055.4512759211461,0.8812620497609086,AWC Logo Cap,Water Bottle - 30 oz.,0.015097945532728141,0.2936802973977695,2.9214489660338954
24362,Bike Buyers,A,1060.9725368243649,0.8734947290213101,Road Tire Tube,HL Road Tire,0.00926899187768753,0.3180327868852459,24.117486338797814
24362,Bike Buyers,A,1060.9725368243649,0.8734947290213101,Road Tire Tube,LL Road Tire,0.009077878643096034,0.3114754098360656,18.52039865871833
24362,Bike Buyers,A,1060.9725368243649,0.8734947290213101,Road Tire Tube,Patch Kit/8 Patches,0.006784519827998089,0.23278688524590163,6.327570789865871
24365,Bike Buyers,A,986.9053857838844,0.9618990657339124,Road Tire Tube,HL Road Tire,0.00926899187768753,0.3180327868852459,24.117486338797814
24365,Bike Buyers,A,986.9053857838844,0.9618990657339124,Road Tire Tube,LL Road Tire,0.009077878643096034,0.3114754098360656,18.52039865871833
24365,Bike Buyers,A,986.9053857838844,0.9618990657339124,Road Tire Tube,Patch Kit/8 Patches,0.006784519827998089,0.23278688524590163,6.327570789865871
24386,Bike Buyers,A,768.2669456263034,0.9745950227485624,Road Tire Tube,HL Road Tire,0.00926899187768753,0.3180327868852459,24.117486338797814
24386,Bike Buyers,A,768.2669456263034,0.9745950227485624,Road Tire Tube,ML Road Tire,0.010797897754419493,0.3704918032786885,23.933313094515277
24386,Bike Buyers,A,768.2669456263034,0.9745950227485624,LL Road Tire,Patch Kit/8 Patches,0.005828953655040612,0.34659090909090906,9.420971074380164
24418,Bike Buyers,A,802.6798465744549,0.5313793438036133,Road Bottle Cage,Water Bottle - 30 oz.,0.06421404682274247,0.8830486202365307,8.784319211763588
24431,Bike Buyers,A,797.335104500412,0.607035315413461,Water Bottle - 30 oz.,Mountain Bottle Cage,0.0358337314859054,0.3564638783269962,8.21672794425554
24446,Bike Buyers,A,594.4059501093826,0.9307968026737551,AWC Logo Cap,Water Bottle - 30 oz.,0.015097945532728141,0.2936802973977695,2.9214489660338954
24496,Bike Buyers,A,794.7783622707055,0.58197950641411,Touring Tire,Touring Tire Tube,0.009651218346870521,0.8632478632478633,89.44444444444444
24498,Bike Buyers,A,574.6457599116072,0.9388213693718293,Water Bottle - 30 oz.,Mountain Bottle Cage,0.0358337314859054,0.3564638783269962,8.21672794425554
24549,Bike Buyers,A,530.5468459608603,0.8547490077796395,Road Tire Tube,ML Road Tire,0.010797897754419493,0.3704918032786885,23.933313094515277
24549,Bike Buyers,A,530.5468459608603,0.8547490077796395,Road Tire Tube,LL Road Tire,0.009077878643096034,0.3114754098360656,18.52039865871833
24549,Bike Buyers,A,530.5468459608603,0.8547490077796395,Road Tire Tube,Patch Kit/8 Patches,0.006784519827998089,0.23278688524590163,6.327570789865871
24558,Bike Buyers,A,528.7364094809968,0.8987653626908214,AWC Logo Cap,Water Bottle - 30 oz.,0.015097945532728141,0.2936802973977695,2.9214489660338954
24569,Bike Buyers,A,570.8094446518494,0.9422296864523222,Road Tire Tube,ML Road Tire,0.010797897754419493,0.3704918032786885,23.933313094515277
24569,Bike Buyers,A,570.8094446518494,0.9422296864523222,Road Tire Tube,LL Road Tire,0.009077878643096034,0.3114754098360656,18.52039865871833
24569,Bike Buyers,A,570.8094446518494,0.9422296864523222,Road Tire Tube,Patch Kit/8 Patches,0.006784519827998089,0.23278688524590163,6.327570789865871
24577,Bike Buyers,A,561.6604588986509,0.8986150718362499,AWC Logo Cap,Water Bottle - 30 oz.,0.015097945532728141,0.2936802973977695,2.9214489660338954
24582,Bike Buyers,A,592.1880954483802,0.9370505345353871,Water Bottle - 30 oz.,Mountain Bottle Cage,0.0358337314859054,0.3564638783269962,8.21672794425554
24583,Bike Buyers,A,604.1902502546211,0.9037632357755654,AWC Logo Cap,Water Bottle - 30 oz.,0.015097945532728141,0.2936802973977695,2.9214489660338954
24585,Bike Buyers,A,1062.0401000951642,0.9566569418162241,Road Tire Tube,HL Road Tire,0.00926899187768753,0.3180327868852459,24.117486338797814
24585,Bike Buyers,A,1062.0401000951642,0.9566569418162241,Road Tire Tube,LL Road Tire,0.009077878643096034,0.3114754098360656,18.52039865871833
24585,Bike Buyers,A,1062.0401000951642,0.9566569418162241,Road Tire Tube,Patch Kit/8 Patches,0.006784519827998089,0.23278688524590163,6.327570789865871
24604,Bike Buyers,A,1177.2478017993596,0.5517883720102148,Road Tire Tube,HL Road Tire,0.00926899187768753,0.3180327868852459,24.117486338797814
24604,Bike Buyers,A,1177.2478017993596,0.5517883720102148,Road Tire Tube,LL Road Tire,0.009077878643096034,0.3114754098360656,18.52039865871833
24604,Bike Buyers,A,1177.2478017993596,0.5517883720102148,Road Tire Tube,Patch Kit/8 Patches,0.006784519827998089,0.23278688524590163,6.327570789865871
24605,Bike Buyers,A,1133.6660028990786,0.8214816341568895,Road Tire Tube,HL Road Tire,0.00926899187768753,0.3180327868852459,24.117486338797814
24605,Bike Buyers,A,1133.6660028990786,0.8214816341568895,Road Tire Tube,LL Road Tire,0.009077878643096034,0.3114754098360656,18.52039865871833
24605,Bike Buyers,A,1133.6660028990786,0.8214816341568895,Road Tire Tube,Patch Kit/8 Patches,0.006784519827998089,0.23278688524590163,6.327570789865871
24632,Bike Buyers,A,624.9880831187836,0.8234673335817393,Water Bottle - 30 oz.,Mountain Bottle Cage,0.0358337314859054,0.3564638783269962,8.21672794425554
24633,Bike Buyers,A,574.3338991751996,0.9134707285155891,AWC Logo Cap,Water Bottle - 30 oz.,0.015097945532728141,0.2936802973977695,2.9214489660338954
24644,Bike Buyers,A,555.4104506454931,0.8985878933265362,Road Bottle Cage,Water Bottle - 30 oz.,0.06421404682274247,0.8830486202365307,8.784319211763588
24653,Bike Buyers,A,664.5090335028726,0.9836424383076878,Road Bottle Cage,Water Bottle - 30 oz.,0.06421404682274247,0.8830486202365307,8.784319211763588
24661,Bike Buyers,A,762.4609375631921,0.9745168406477026,"Road-750 Black, 48",Road Bottle Cage,0.005924510272336359,0.3263157894736842,4.487378103603292
24661,Bike Buyers,A,762.4609375631921,0.9745168406477026,"Road-750 Black, 48",Water Bottle - 30 oz.,0.005160057333970377,0.28421052631578947,2.827246347808685
24676,Bike Buyers,A,634.9099133664007,0.9340433534892518,Water Bottle - 30 oz.,Mountain Bottle Cage,0.0358337314859054,0.3564638783269962,8.21672794425554
24683,Bike Buyers,A,617.2442230629475,0.8959891638992881,AWC Logo Cap,Water Bottle - 30 oz.,0.015097945532728141,0.2936802973977695,2.9214489660338954
24684,Bike Buyers,A,607.845424293922,0.8835929929002235,AWC Logo Cap,Water Bottle - 30 oz.,0.015097945532728141,0.2936802973977695,2.9214489660338954
24685,Bike Buyers,A,651.4948981297468,0.9546017867659558,AWC Logo Cap,Water Bottle - 30 oz.,0.015097945532728141,0.2936802973977695,2.9214489660338954
24778,Bike Buyers,A,540.0139611424113,0.9838991230971058,Road Bottle Cage,Water Bottle - 30 oz.,0.06421404682274247,0.8830486202365307,8.784319211763588
24852,Bike Buyers,A,611.1419922479658,0.9477898531258585,Water Bottle - 30 oz.,Mountain Bottle Cage,0.0358337314859054,0.3564638783269962,8.21672794425554
24860,Bike Buyers,A,612.2013281789004,0.8788653867942449,Water Bottle - 30 oz.,Mountain Bottle Cage,0.0358337314859054,0.3564638783269962,8.21672794425554
24868,Bike Buyers,A,667.8849987739351,0.9730113642233954,Water Bottle - 30 oz.,Mountain Bottle Cage,0.0358337314859054,0.3564638783269962,8.21672794425554
24870,Bike Buyers,A,645.8043299714262,0.9693688848181555,Water Bottle - 30 oz.,Mountain Bottle Cage,0.0358337314859054,0.3564638783269962,8.21672794425554
24914,Bike Buyers,A,508.120405113525,0.9844942303073294,Road Tire Tube,HL Road Tire,0.00926899187768753,0.3180327868852459,24.117486338797814
24914,Bike Buyers,A,508.120405113525,0.9844942303073294,Road Tire Tube,LL Road Tire,0.009077878643096034,0.3114754098360656,18.52039865871833
24914,Bike Buyers,A,508.120405113525,0.9844942303073294,Road Tire Tube,Patch Kit/8 Patches,0.006784519827998089,0.23278688524590163,6.327570789865871
24915,Bike Buyers,A,510.09742163531723,0.9872453655861282,ML Road Tire,Road Tire Tube,0.010797897754419493,0.6975308641975307,23.933313094515277
24916,Bike Buyers,A,508.46994901505667,0.9826811849341192,Water Bottle - 30 oz.,Mountain Bottle Cage,0.0358337314859054,0.3564638783269962,8.21672794425554
24919,Bike Buyers,A,515.5930451630871,0.9764697461033551,Road Tire Tube,HL Road Tire,0.00926899187768753,0.3180327868852459,24.117486338797814
24919,Bike Buyers,A,515.5930451630871,0.9764697461033551,Road Tire Tube,LL Road Tire,0.009077878643096034,0.3114754098360656,18.52039865871833
24919,Bike Buyers,A,515.5930451630871,0.9764697461033551,Road Tire Tube,Patch Kit/8 Patches,0.006784519827998089,0.23278688524590163,6.327570789865871
24922,Bike Buyers,A,517.5401514573713,0.9866331143717576,ML Road Tire,Road Tire Tube,0.010797897754419493,0.6975308641975307,23.933313094515277
24923,Bike Buyers,A,514.0322862869419,0.9785992734457677,Water Bottle - 30 oz.,Mountain Bottle Cage,0.0358337314859054,0.3564638783269962,8.21672794425554
24924,Bike Buyers,A,516.3009686297491,0.9901215750719062,Water Bottle - 30 oz.,Mountain Bottle Cage,0.0358337314859054,0.3564638783269962,8.21672794425554
24960,Bike Buyers,A,578.9498710206453,0.9626837178447214,Road Tire Tube,HL Road Tire,0.00926899187768753,0.3180327868852459,24.117486338797814
24960,Bike Buyers,A,578.9498710206453,0.9626837178447214,Road Tire Tube,ML Road Tire,0.010797897754419493,0.3704918032786885,23.933313094515277
24960,Bike Buyers,A,578.9498710206453,0.9626837178447214,LL Road Tire,Patch Kit/8 Patches,0.005828953655040612,0.34659090909090906,9.420971074380164
25035,Bike Buyers,A,548.2771230166877,0.9285572533636869,AWC Logo Cap,Water Bottle - 30 oz.,0.015097945532728141,0.2936802973977695,2.9214489660338954
25048,Bike Buyers,A,575.5236742316331,0.9859617555750759,"Road-750 Black, 44",Road Bottle Cage,0.007453416149068323,0.42857142857142855,5.893561103810775
25048,Bike Buyers,A,575.5236742316331,0.9859617555750759,"Road-750 Black, 44",Water Bottle - 30 oz.,0.0061156235069278544,0.3516483516483516,3.498098859315589
25049,Bike Buyers,A,509.99706662787924,0.8835503274130044,AWC Logo Cap,Water Bottle - 30 oz.,0.015097945532728141,0.2936802973977695,2.9214489660338954
25053,Bike Buyers,A,574.4535596600061,0.9659466905562262,AWC Logo Cap,Water Bottle - 30 oz.,0.015097945532728141,0.2936802973977695,2.9214489660338954
25064,Bike Buyers,A,526.8883046377998,0.9454349474970917,AWC Logo Cap,Water Bottle - 30 oz.,0.015097945532728141,0.2936802973977695,2.9214489660338954
25080,Bike Buyers,A,532.1138196689119,0.8234398677760324,Water Bottle - 30 oz.,Mountain Bottle Cage,0.0358337314859054,0.3564638783269962,8.21672794425554
25104,Bike Buyers,A,609.9087255846989,0.981372427418438,"Road-750 Black, 58",Road Bottle Cage,0.0061156235069278544,0.37647058823529406,5.177088969622013
25104,Bike Buyers,A,609.9087255846989,0.981372427418438,"Road-750 Black, 58",Water Bottle - 30 oz.,0.005351170568561873,0.3294117647058823,3.276895549094162
25105,Bike Buyers,A,525.2276358465474,0.8234398677760324,Water Bottle - 30 oz.,Mountain Bottle Cage,0.0358337314859054,0.3564638783269962,8.21672794425554
25107,Bike Buyers,A,561.2775307368186,0.9760815353248697,Water Bottle - 30 oz.,Mountain Bottle Cage,0.0358337314859054,0.3564638783269962,8.21672794425554
25111,Bike Buyers,A,597.7838897614994,0.9613645278595979,ML Road Tire,Road Tire Tube,0.010797897754419493,0.6975308641975307,23.933313094515277
25119,Bike Buyers,A,591.4427481045522,0.9634534412018552,ML Road Tire,Road Tire Tube,0.010797897754419493,0.6975308641975307,23.933313094515277
25163,Bike Buyers,A,543.5153417461158,0.7600834174756449,Water Bottle - 30 oz.,Mountain Bottle Cage,0.0358337314859054,0.3564638783269962,8.21672794425554
25180,Bike Buyers,A,552.5648892378347,0.9358624968422657,AWC Logo Cap,Water Bottle - 30 oz.,0.015097945532728141,0.2936802973977695,2.9214489660338954
25192,Bike Buyers,A,546.9028605145188,0.7796568558740612,Hydration Pack - 70 oz.,Water Bottle - 30 oz.,0.005924510272336359,0.4,3.979087452471483
25213,Bike Buyers,A,644.4546394331571,0.8676117533134541,Road Tire Tube,HL Road Tire,0.00926899187768753,0.3180327868852459,24.117486338797814
25213,Bike Buyers,A,644.4546394331571,0.8676117533134541,Road Tire Tube,LL Road Tire,0.009077878643096034,0.3114754098360656,18.52039865871833
25213,Bike Buyers,A,644.4546394331571,0.8676117533134541,Road Tire Tube,Patch Kit/8 Patches,0.006784519827998089,0.23278688524590163,6.327570789865871
25214,Bike Buyers,A,652.8007222623307,0.979164401220455,Road Tire Tube,HL Road Tire,0.00926899187768753,0.3180327868852459,24.117486338797814
25214,Bike Buyers,A,652.8007222623307,0.979164401220455,Road Tire Tube,LL Road Tire,0.009077878643096034,0.3114754098360656,18.52039865871833
25214,Bike Buyers,A,652.8007222623307,0.979164401220455,Road Tire Tube,Patch Kit/8 Patches,0.006784519827998089,0.23278688524590163,6.327570789865871
25218,Bike Buyers,A,644.4546394947225,0.8915592177432037,Road Tire Tube,HL Road Tire,0.00926899187768753,0.3180327868852459,24.117486338797814
25218,Bike Buyers,A,644.4546394947225,0.8915592177432037,Road Tire Tube,LL Road Tire,0.009077878643096034,0.3114754098360656,18.52039865871833
25218,Bike Buyers,A,644.4546394947225,0.8915592177432037,Road Tire Tube,Patch Kit/8 Patches,0.006784519827998089,0.23278688524590163,6.327570789865871
25225,Bike Buyers,A,658.8504060836412,0.9894169708071369,Road Bottle Cage,Water Bottle - 30 oz.,0.06421404682274247,0.8830486202365307,8.784319211763588
25226,Bike Buyers,A,687.0772768109371,0.9730493530690549,Road Tire Tube,HL Road Tire,0.00926899187768753,0.3180327868852459,24.117486338797814
25226,Bike Buyers,A,687.0772768109371,0.9730493530690549,Road Tire Tube,LL Road Tire,0.009077878643096034,0.3114754098360656,18.52039865871833
25226,Bike Buyers,A,687.0772768109371,0.9730493530690549,Road Tire Tube,Patch Kit/8 Patches,0.006784519827998089,0.23278688524590163,6.327570789865871
25231,Bike Buyers,A,682.4623006626599,0.8992063256714915,Water Bottle - 30 oz.,Mountain Bottle Cage,0.0358337314859054,0.3564638783269962,8.21672794425554
25286,Bike Buyers,A,571.3082384231549,0.863027601903777,AWC Logo Cap,Water Bottle - 30 oz.,0.015097945532728141,0.2936802973977695,2.9214489660338954
25287,Bike Buyers,A,581.508590089557,0.9482957987932102,"Road-750 Black, 52",Road Bottle Cage,0.006975633062589585,0.39673913043478265,5.455814717477004
25287,Bike Buyers,A,581.508590089557,0.9482957987932102,"Road-750 Black, 52",Water Bottle - 30 oz.,0.0063067367415193505,0.3586956521739131,3.5682034220532324
25288,Bike Buyers,A,542.095767570157,0.9838625995360856,"Road-750 Black, 58",Road Bottle Cage,0.0061156235069278544,0.37647058823529406,5.177088969622013
25288,Bike Buyers,A,542.095767570157,0.9838625995360856,"Road-750 Black, 58",Water Bottle - 30 oz.,0.005351170568561873,0.3294117647058823,3.276895549094162
25289,Bike Buyers,A,610.0750622276821,0.8822678595918759,Water Bottle - 30 oz.,Mountain Bottle Cage,0.0358337314859054,0.3564638783269962,8.21672794425554
25334,Bike Buyers,A,562.8333736201089,0.8862371835769495,Water Bottle - 30 oz.,Mountain Bottle Cage,0.0358337314859054,0.3564638783269962,8.21672794425554
25396,Bike Buyers,A,603.5982943109825,0.9109725281627576,Water Bottle - 30 oz.,Mountain Bottle Cage,0.0358337314859054,0.3564638783269962,8.21672794425554
25397,Bike Buyers,A,603.6088196805081,0.8957728315211819,AWC Logo Cap,Water Bottle - 30 oz.,0.015097945532728141,0.2936802973977695,2.9214489660338954
25399,Bike Buyers,A,561.6621976503149,0.8576137307842238,Road Bottle Cage,Water Bottle - 30 oz.,0.06421404682274247,0.8830486202365307,8.784319211763588
25404,Bike Buyers,A,566.2652406058833,0.8506478189460649,Water Bottle - 30 oz.,Mountain Bottle Cage,0.0358337314859054,0.3564638783269962,8.21672794425554
25405,Bike Buyers,A,591.002820888062,0.871163453144848,Water Bottle - 30 oz.,Mountain Bottle Cage,0.0358337314859054,0.3564638783269962,8.21672794425554
25406,Bike Buyers,A,572.6571570324836,0.8232903205520856,Water Bottle - 30 oz.,Mountain Bottle Cage,0.0358337314859054,0.3564638783269962,8.21672794425554
25407,Bike Buyers,A,570.8655117192831,0.9091380057634584,Water Bottle - 30 oz.,Mountain Bottle Cage,0.0358337314859054,0.3564638783269962,8.21672794425554
25408,Bike Buyers,A,537.1031593160634,0.9883015881987381,Water Bottle - 30 oz.,Mountain Bottle Cage,0.0358337314859054,0.3564638783269962,8.21672794425554
25414,Bike Buyers,A,578.9984072678849,0.8403065961272216,Water Bottle - 30 oz.,Mountain Bottle Cage,0.0358337314859054,0.3564638783269962,8.21672794425554
25415,Bike Buyers,A,582.5202579396699,0.8720654805328764,Water Bottle - 30 oz.,Mountain Bottle Cage,0.0358337314859054,0.3564638783269962,8.21672794425554
25423,Bike Buyers,A,583.2486689132836,0.8286678033418065,AWC Logo Cap,Water Bottle - 30 oz.,0.015097945532728141,0.2936802973977695,2.9214489660338954
25429,Bike Buyers,A,586.4149590511637,0.8648423418039591,AWC Logo Cap,Water Bottle - 30 oz.,0.015097945532728141,0.2936802973977695,2.9214489660338954
25622,Bike Buyers,A,580.8119621791095,0.9084699308624862,Water Bottle - 30 oz.,Mountain Bottle Cage,0.0358337314859054,0.3564638783269962,8.21672794425554
25623,Bike Buyers,A,594.6258797807236,0.8903346798834307,Water Bottle - 30 oz.,Mountain Bottle Cage,0.0358337314859054,0.3564638783269962,8.21672794425554
25729,Bike Buyers,A,547.9178993818468,0.7869122442110709,Water Bottle - 30 oz.,Mountain Bottle Cage,0.0358337314859054,0.3564638783269962,8.21672794425554
25735,Bike Buyers,A,561.781637192851,0.9226795474680606,Water Bottle - 30 oz.,Mountain Bottle Cage,0.0358337314859054,0.3564638783269962,8.21672794425554
25738,Bike Buyers,A,596.3989592404091,0.9109725281627576,Water Bottle - 30 oz.,Mountain Bottle Cage,0.0358337314859054,0.3564638783269962,8.21672794425554
25742,Bike Buyers,A,683.660742210842,0.9817304708658765,AWC Logo Cap,Water Bottle - 30 oz.,0.015097945532728141,0.2936802973977695,2.9214489660338954
25745,Bike Buyers,A,684.4393135897872,0.9804052772285975,Hydration Pack - 70 oz.,Water Bottle - 30 oz.,0.005924510272336359,0.4,3.979087452471483
25758,Bike Buyers,A,636.1049885322113,0.9540308461469806,AWC Logo Cap,Water Bottle - 30 oz.,0.015097945532728141,0.2936802973977695,2.9214489660338954
25863,Bike Buyers,A,614.766298075694,0.9856256147928992,Water Bottle - 30 oz.,Mountain Bottle Cage,0.0358337314859054,0.3564638783269962,8.21672794425554
25868,Bike Buyers,A,804.4152324748046,0.9663534491462895,Water Bottle - 30 oz.,Mountain Bottle Cage,0.0358337314859054,0.3564638783269962,8.21672794425554
25901,Bike Buyers,A,838.994349174161,0.9034085455595647,AWC Logo Cap,Water Bottle - 30 oz.,0.015097945532728141,0.2936802973977695,2.9214489660338954
25903,Bike Buyers,A,834.634157055985,0.9153292038384421,Water Bottle - 30 oz.,Mountain Bottle Cage,0.0358337314859054,0.3564638783269962,8.21672794425554
25943,Bike Buyers,A,888.7438635817255,0.9465355575812454,Water Bottle - 30 oz.,Mountain Bottle Cage,0.0358337314859054,0.3564638783269962,8.21672794425554
25971,Bike Buyers,A,570.3076916209275,0.9828294158297727,Road Tire Tube,HL Road Tire,0.00926899187768753,0.3180327868852459,24.117486338797814
25971,Bike Buyers,A,570.3076916209275,0.9828294158297727,Road Tire Tube,ML Road Tire,0.010797897754419493,0.3704918032786885,23.933313094515277
25971,Bike Buyers,A,570.3076916209275,0.9828294158297727,"Road-750 Black, 48",Road Bottle Cage,0.005924510272336359,0.3263157894736842,4.487378103603292
25972,Bike Buyers,A,876.48244103173,0.9815127395809511,Water Bottle - 30 oz.,Mountain Bottle Cage,0.0358337314859054,0.3564638783269962,8.21672794425554
25973,Bike Buyers,A,879.1168216536123,0.9696162235089045,Road Bottle Cage,Water Bottle - 30 oz.,0.06421404682274247,0.8830486202365307,8.784319211763588
25975,Bike Buyers,A,880.4265264817652,0.9682228341407351,Water Bottle - 30 oz.,Mountain Bottle Cage,0.0358337314859054,0.3564638783269962,8.21672794425554
25981,Bike Buyers,A,621.3108305555644,0.9760389114708768,"Road-750 Black, 52",Road Bottle Cage,0.006975633062589585,0.39673913043478265,5.455814717477004
25981,Bike Buyers,A,621.3108305555644,0.9760389114708768,"Road-750 Black, 52",Water Bottle - 30 oz.,0.0063067367415193505,0.3586956521739131,3.5682034220532324
25989,Bike Buyers,A,592.3733889450855,0.9879350724319834,Water Bottle - 30 oz.,Mountain Bottle Cage,0.0358337314859054,0.3564638783269962,8.21672794425554
25990,Bike Buyers,A,952.096268746276,0.9288729128734121,AWC Logo Cap,Water Bottle - 30 oz.,0.015097945532728141,0.2936802973977695,2.9214489660338954
25991,Bike Buyers,A,603.0952821353264,0.9895440494341554,Road Tire Tube,HL Road Tire,0.00926899187768753,0.3180327868852459,24.117486338797814
25991,Bike Buyers,A,603.0952821353264,0.9895440494341554,Road Tire Tube,ML Road Tire,0.010797897754419493,0.3704918032786885,23.933313094515277
25991,Bike Buyers,A,603.0952821353264,0.9895440494341554,LL Road Tire,Patch Kit/8 Patches,0.005828953655040612,0.34659090909090906,9.420971074380164
25992,Bike Buyers,A,585.895015188785,0.9817427240521629,"Road-750 Black, 58",Road Bottle Cage,0.0061156235069278544,0.37647058823529406,5.177088969622013
25992,Bike Buyers,A,585.895015188785,0.9817427240521629,"Road-750 Black, 58",Water Bottle - 30 oz.,0.005351170568561873,0.3294117647058823,3.276895549094162
26040,Bike Buyers,A,733.8003127600566,0.978536265425426,"Road-750 Black, 58",Road Bottle Cage,0.0061156235069278544,0.37647058823529406,5.177088969622013
26040,Bike Buyers,A,733.8003127600566,0.978536265425426,"Road-750 Black, 58",Water Bottle - 30 oz.,0.005351170568561873,0.3294117647058823,3.276895549094162
26041,Bike Buyers,A,998.7133670499081,0.9135338890721648,Water Bottle - 30 oz.,Mountain Bottle Cage,0.0358337314859054,0.3564638783269962,8.21672794425554
26066,Bike Buyers,A,1051.324014748064,0.9604010146391339,Water Bottle - 30 oz.,Mountain Bottle Cage,0.0358337314859054,0.3564638783269962,8.21672794425554
26070,Bike Buyers,A,1037.5368203855073,0.9314505003131777,AWC Logo Cap,Water Bottle - 30 oz.,0.015097945532728141,0.2936802973977695,2.9214489660338954
26075,Bike Buyers,A,1035.27974350957,0.9409161843115466,AWC Logo Cap,Water Bottle - 30 oz.,0.015097945532728141,0.2936802973977695,2.9214489660338954
26113,Bike Buyers,A,684.1088900025306,0.9475045363464224,Road Bottle Cage,Water Bottle - 30 oz.,0.06421404682274247,0.8830486202365307,8.784319211763588
26115,Bike Buyers,A,794.8115080972653,0.9551907100014692,Road Tire Tube,HL Road Tire,0.00926899187768753,0.3180327868852459,24.117486338797814
26115,Bike Buyers,A,794.8115080972653,0.9551907100014692,Road Tire Tube,ML Road Tire,0.010797897754419493,0.3704918032786885,23.933313094515277
26115,Bike Buyers,A,794.8115080972653,0.9551907100014692,LL Road Tire,Patch Kit/8 Patches,0.005828953655040612,0.34659090909090906,9.420971074380164
26200,Bike Buyers,A,750.9727182153651,0.9344762532945392,"Road-750 Black, 48",Road Bottle Cage,0.005924510272336359,0.3263157894736842,4.487378103603292
26200,Bike Buyers,A,750.9727182153651,0.9344762532945392,"Road-750 Black, 48",Water Bottle - 30 oz.,0.005160057333970377,0.28421052631578947,2.827246347808685
26202,Bike Buyers,A,725.0937382834999,0.9704936544514554,Road Tire Tube,HL Road Tire,0.00926899187768753,0.3180327868852459,24.117486338797814
26202,Bike Buyers,A,725.0937382834999,0.9704936544514554,Road Tire Tube,ML Road Tire,0.010797897754419493,0.3704918032786885,23.933313094515277
26202,Bike Buyers,A,725.0937382834999,0.9704936544514554,"Road-750 Black, 58",Road Bottle Cage,0.0061156235069278544,0.37647058823529406,5.177088969622013
26306,Bike Buyers,A,580.8885830482131,0.9646261174050677,AWC Logo Cap,Water Bottle - 30 oz.,0.015097945532728141,0.2936802973977695,2.9214489660338954
26311,Bike Buyers,A,589.2084570401831,0.9757961275752062,AWC Logo Cap,Water Bottle - 30 oz.,0.015097945532728141,0.2936802973977695,2.9214489660338954
26312,Bike Buyers,A,596.9682630597981,0.984358407662907,Water Bottle - 30 oz.,Mountain Bottle Cage,0.0358337314859054,0.3564638783269962,8.21672794425554
26317,Bike Buyers,A,599.0505314611839,0.9744153604329227,Water Bottle - 30 oz.,Mountain Bottle Cage,0.0358337314859054,0.3564638783269962,8.21672794425554
26329,Bike Buyers,A,604.6941672593016,0.9797856410210306,Water Bottle - 30 oz.,Mountain Bottle Cage,0.0358337314859054,0.3564638783269962,8.21672794425554
26331,Bike Buyers,A,601.2742591588703,0.9736378061209456,AWC Logo Cap,Water Bottle - 30 oz.,0.015097945532728141,0.2936802973977695,2.9214489660338954
26343,Bike Buyers,A,592.0400265015023,0.9732165785578231,AWC Logo Cap,Water Bottle - 30 oz.,0.015097945532728141,0.2936802973977695,2.9214489660338954
26351,Bike Buyers,A,606.7951433774922,0.9767654310359569,Road Bottle Cage,Water Bottle - 30 oz.,0.06421404682274247,0.8830486202365307,8.784319211763588
26486,Bike Buyers,A,607.5921283830434,0.9768230057564657,Road Bottle Cage,Water Bottle - 30 oz.,0.06421404682274247,0.8830486202365307,8.784319211763588
26509,Bike Buyers,A,628.2202643081822,0.981879639581685,Road Bottle Cage,Water Bottle - 30 oz.,0.06421404682274247,0.8830486202365307,8.784319211763588
26545,Bike Buyers,A,628.9466278609739,0.9758314179568975,AWC Logo Cap,Water Bottle - 30 oz.,0.015097945532728141,0.2936802973977695,2.9214489660338954
26575,Bike Buyers,A,640.5327033923066,0.9865969928419136,Water Bottle - 30 oz.,Mountain Bottle Cage,0.0358337314859054,0.3564638783269962,8.21672794425554
26579,Bike Buyers,A,640.6504832391125,0.9822626026671151,Water Bottle - 30 oz.,Mountain Bottle Cage,0.0358337314859054,0.3564638783269962,8.21672794425554
26581,Bike Buyers,A,635.8075830342734,0.9695401871849055,AWC Logo Cap,Water Bottle - 30 oz.,0.015097945532728141,0.2936802973977695,2.9214489660338954
26600,Bike Buyers,A,624.8261458835603,0.95724645379492,AWC Logo Cap,Water Bottle - 30 oz.,0.015097945532728141,0.2936802973977695,2.9214489660338954
26601,Bike Buyers,A,641.296498767791,0.9822626026671151,Water Bottle - 30 oz.,Mountain Bottle Cage,0.0358337314859054,0.3564638783269962,8.21672794425554
26606,Bike Buyers,A,666.4629080311682,0.9850633982914498,Water Bottle - 30 oz.,Mountain Bottle Cage,0.0358337314859054,0.3564638783269962,8.21672794425554
26608,Bike Buyers,A,679.6480920184074,0.9522624734211129,Water Bottle - 30 oz.,Mountain Bottle Cage,0.0358337314859054,0.3564638783269962,8.21672794425554
26616,Bike Buyers,A,653.9756101676754,0.9582023534073485,AWC Logo Cap,Water Bottle - 30 oz.,0.015097945532728141,0.2936802973977695,2.9214489660338954
26617,Bike Buyers,A,666.3284374190507,0.9894169636791569,Water Bottle - 30 oz.,Mountain Bottle Cage,0.0358337314859054,0.3564638783269962,8.21672794425554
27864,Bike Buyers,A,571.1196138380609,0.9271319217063358,AWC Logo Cap,Water Bottle - 30 oz.,0.015097945532728141,0.2936802973977695,2.9214489660338954
27866,Bike Buyers,A,618.5312984697841,0.9270415497432812,Water Bottle - 30 oz.,Mountain Bottle Cage,0.0358337314859054,0.3564638783269962,8.21672794425554
27901,Bike Buyers,A,505.598503289187,0.8438146499121809,Water Bottle - 30 oz.,Mountain Bottle Cage,0.0358337314859054,0.3564638783269962,8.21672794425554
27924,Bike Buyers,A,498.80528743552185,0.9670542407645375,HL Road Tire,Road Tire Tube,0.00926899187768753,0.7028985507246376,24.11748633879781
27937,Bike Buyers,A,508.33297856415595,0.7403225455661312,Road Tire Tube,ML Road Tire,0.010797897754419493,0.3704918032786885,23.933313094515277
27937,Bike Buyers,A,508.33297856415595,0.7403225455661312,Road Tire Tube,LL Road Tire,0.009077878643096034,0.3114754098360656,18.52039865871833
27944,Bike Buyers,A,593.5894355940468,0.8508487539130328,Road Tire Tube,ML Road Tire,0.010797897754419493,0.3704918032786885,23.933313094515277
27944,Bike Buyers,A,593.5894355940468,0.8508487539130328,Road Tire Tube,LL Road Tire,0.009077878643096034,0.3114754098360656,18.52039865871833
27944,Bike Buyers,A,593.5894355940468,0.8508487539130328,Road Tire Tube,Patch Kit/8 Patches,0.006784519827998089,0.23278688524590163,6.327570789865871
27948,Bike Buyers,A,568.7443690974895,0.9480652569999062,Water Bottle - 30 oz.,Mountain Bottle Cage,0.0358337314859054,0.3564638783269962,8.21672794425554
27952,Bike Buyers,A,622.3322222994634,0.946635032150941,Road Tire Tube,ML Road Tire,0.010797897754419493,0.3704918032786885,23.933313094515277
27952,Bike Buyers,A,622.3322222994634,0.946635032150941,Road Tire Tube,LL Road Tire,0.009077878643096034,0.3114754098360656,18.52039865871833
27952,Bike Buyers,A,622.3322222994634,0.946635032150941,Road Tire Tube,Patch Kit/8 Patches,0.006784519827998089,0.23278688524590163,6.327570789865871
28365,Bike Buyers,A,514.5729413561173,0.8345266393901366,Water Bottle - 30 oz.,Mountain Bottle Cage,0.0358337314859054,0.3564638783269962,8.21672794425554
28377,Bike Buyers,A,529.3377910788566,0.8234398677760324,Water Bottle - 30 oz.,Mountain Bottle Cage,0.0358337314859054,0.3564638783269962,8.21672794425554
28415,Bike Buyers,A,542.4006286483809,0.8400941171090536,AWC Logo Cap,Water Bottle - 30 oz.,0.015097945532728141,0.2936802973977695,2.9214489660338954
28416,Bike Buyers,A,565.2032131081876,0.8751832917725975,Water Bottle - 30 oz.,Mountain Bottle Cage,0.0358337314859054,0.3564638783269962,8.21672794425554
28446,Bike Buyers,A,605.4253682935229,0.9164176351523299,Water Bottle - 30 oz.,Mountain Bottle Cage,0.0358337314859054,0.3564638783269962,8.21672794425554
28523,Bike Buyers,A,591.002820888062,0.871163453144848,Water Bottle - 30 oz.,Mountain Bottle Cage,0.0358337314859054,0.3564638783269962,8.21672794425554
28524,Bike Buyers,A,591.1111618449544,0.9104052531493257,Water Bottle - 30 oz.,Mountain Bottle Cage,0.0358337314859054,0.3564638783269962,8.21672794425554
28678,Bike Buyers,A,652.4614168185349,0.9145885412036255,Road Bottle Cage,Water Bottle - 30 oz.,0.06421404682274247,0.8830486202365307,8.784319211763588
28731,Bike Buyers,A,512.0985986512932,0.856544025720476,Water Bottle - 30 oz.,Mountain Bottle Cage,0.0358337314859054,0.3564638783269962,8.21672794425554
28747,Bike Buyers,A,545.9343934356069,0.9209876271302998,Water Bottle - 30 oz.,Mountain Bottle Cage,0.0358337314859054,0.3564638783269962,8.21672794425554
28755,Bike Buyers,A,576.2953184785713,0.9388213693718293,Water Bottle - 30 oz.,Mountain Bottle Cage,0.0358337314859054,0.3564638783269962,8.21672794425554
28757,Bike Buyers,A,609.0627204251496,0.985191228506924,"Road-750 Black, 44",Road Bottle Cage,0.007453416149068323,0.42857142857142855,5.893561103810775
28757,Bike Buyers,A,609.0627204251496,0.985191228506924,"Road-750 Black, 44",Water Bottle - 30 oz.,0.0061156235069278544,0.3516483516483516,3.498098859315589
28758,Bike Buyers,A,609.7037218416732,0.9909771135741723,Water Bottle - 30 oz.,Mountain Bottle Cage,0.0358337314859054,0.3564638783269962,8.21672794425554
28769,Bike Buyers,A,650.6742216975333,0.8282102410902059,AWC Logo Cap,Water Bottle - 30 oz.,0.015097945532728141,0.2936802973977695,2.9214489660338954
28828,Bike Buyers,A,660.9034031221391,0.8385779513621656,AWC Logo Cap,Water Bottle - 30 oz.,0.015097945532728141,0.2936802973977695,2.9214489660338954
28841,Bike Buyers,A,671.6011969716078,0.8020521870864239,Water Bottle - 30 oz.,Mountain Bottle Cage,0.0358337314859054,0.3564638783269962,8.21672794425554
28842,Bike Buyers,A,667.5684860764846,0.9590351974690065,Water Bottle - 30 oz.,Mountain Bottle Cage,0.0358337314859054,0.3564638783269962,8.21672794425554
28844,Bike Buyers,A,672.6906241180546,0.7471490123230901,Road Bottle Cage,Water Bottle - 30 oz.,0.06421404682274247,0.8830486202365307,8.784319211763588
28870,Bike Buyers,A,671.6011972578617,0.824771105366275,Water Bottle - 30 oz.,Mountain Bottle Cage,0.0358337314859054,0.3564638783269962,8.21672794425554
28871,Bike Buyers,A,686.5559830902682,0.8417657343991258,AWC Logo Cap,Water Bottle - 30 oz.,0.015097945532728141,0.2936802973977695,2.9214489660338954
28876,Bike Buyers,A,594.50035474935,0.9183814451114328,HL Road Tire,Road Tire Tube,0.00926899187768753,0.7028985507246376,24.11748633879781
28902,Bike Buyers,A,700.184207546263,0.9865597469474506,Road Tire Tube,ML Road Tire,0.010797897754419493,0.3704918032786885,23.933313094515277
28902,Bike Buyers,A,700.184207546263,0.9865597469474506,Road Tire Tube,LL Road Tire,0.009077878643096034,0.3114754098360656,18.52039865871833
28902,Bike Buyers,A,700.184207546263,0.9865597469474506,Road Tire Tube,Patch Kit/8 Patches,0.006784519827998089,0.23278688524590163,6.327570789865871
28954,Bike Buyers,A,497.2904491012157,0.8856771620792405,AWC Logo Cap,Water Bottle - 30 oz.,0.015097945532728141,0.2936802973977695,2.9214489660338954
28962,Bike Buyers,A,516.1297004463676,0.8727149164787791,Water Bottle - 30 oz.,Mountain Bottle Cage,0.0358337314859054,0.3564638783269962,8.21672794425554
28963,Bike Buyers,A,500.82300635215313,0.9094689848179874,Water Bottle - 30 oz.,Mountain Bottle Cage,0.0358337314859054,0.3564638783269962,8.21672794425554
29011,Bike Buyers,A,656.2026334978207,0.8670745608656056,Water Bottle - 30 oz.,Mountain Bottle Cage,0.0358337314859054,0.3564638783269962,8.21672794425554
29032,Bike Buyers,A,673.1594870526751,0.8771712793800877,Water Bottle - 30 oz.,Mountain Bottle Cage,0.0358337314859054,0.3564638783269962,8.21672794425554
29111,Bike Buyers,A,670.0469371098147,0.8892600622276255,Water Bottle - 30 oz.,Mountain Bottle Cage,0.0358337314859054,0.3564638783269962,8.21672794425554
29128,Bike Buyers,A,662.7265402808764,0.8310586711480784,Touring Tire,Touring Tire Tube,0.009651218346870521,0.8632478632478633,89.44444444444444
29166,Bike Buyers,A,683.1433441244541,0.5285578412898747,Water Bottle - 30 oz.,Mountain Bottle Cage,0.0358337314859054,0.3564638783269962,8.21672794425554
29168,Bike Buyers,A,689.8273544541692,0.8039410156763334,Water Bottle - 30 oz.,Mountain Bottle Cage,0.0358337314859054,0.3564638783269962,8.21672794425554
29174,Bike Buyers,A,677.3231026237481,0.9100838809121661,Water Bottle - 30 oz.,Mountain Bottle Cage,0.0358337314859054,0.3564638783269962,8.21672794425554
29175,Bike Buyers,A,695.0891553790593,0.6871936525434903,Water Bottle - 30 oz.,Mountain Bottle Cage,0.0358337314859054,0.3564638783269962,8.21672794425554
29178,Bike Buyers,A,515.9745770154004,0.8539645708496686,Water Bottle - 30 oz.,Mountain Bottle Cage,0.0358337314859054,0.3564638783269962,8.21672794425554
29180,Bike Buyers,A,521.2347479038905,0.8539645708496686,Water Bottle - 30 oz.,Mountain Bottle Cage,0.0358337314859054,0.3564638783269962,8.21672794425554
29190,Bike Buyers,A,505.9885061596736,0.9525410337130429,AWC Logo Cap,Water Bottle - 30 oz.,0.015097945532728141,0.2936802973977695,2.9214489660338954
29201,Bike Buyers,A,689.0644797385862,0.6528530865471569,Water Bottle - 30 oz.,Mountain Bottle Cage,0.0358337314859054,0.3564638783269962,8.21672794425554
29203,Bike Buyers,A,693.0692585503148,0.7074844133760261,Water Bottle - 30 oz.,Mountain Bottle Cage,0.0358337314859054,0.3564638783269962,8.21672794425554
29316,Bike Buyers,A,537.7541534197738,0.8050811569702435,Water Bottle - 30 oz.,Mountain Bottle Cage,0.0358337314859054,0.3564638783269962,8.21672794425554
29319,Bike Buyers,A,525.5316156114612,0.9454349474970917,AWC Logo Cap,Water Bottle - 30 oz.,0.015097945532728141,0.2936802973977695,2.9214489660338954
29388,Bike Buyers,A,645.6013507342471,0.9856054356864463,Road Tire Tube,HL Road Tire,0.00926899187768753,0.3180327868852459,24.117486338797814
29388,Bike Buyers,A,645.6013507342471,0.9856054356864463,Road Tire Tube,ML Road Tire,0.010797897754419493,0.3704918032786885,23.933313094515277
29388,Bike Buyers,A,645.6013507342471,0.9856054356864463,"Road-750 Black, 44",Road Bottle Cage,0.007453416149068323,0.42857142857142855,5.893561103810775
29389,Bike Buyers,A,643.861688789484,0.9721909975562476,"Road-750 Black, 58",Road Bottle Cage,0.0061156235069278544,0.37647058823529406,5.177088969622013
29389,Bike Buyers,A,643.861688789484,0.9721909975562476,"Road-750 Black, 58",Water Bottle - 30 oz.,0.005351170568561873,0.3294117647058823,3.276895549094162
29390,Bike Buyers,A,646.7822997257379,0.9721909975562476,"Road-750 Black, 58",Road Bottle Cage,0.0061156235069278544,0.37647058823529406,5.177088969622013
29390,Bike Buyers,A,646.7822997257379,0.9721909975562476,"Road-750 Black, 58",Water Bottle - 30 oz.,0.005351170568561873,0.3294117647058823,3.276895549094162
29391,Bike Buyers,A,581.5193286463614,0.8910001483918794,"Road-750 Black, 44",Road Bottle Cage,0.007453416149068323,0.42857142857142855,5.893561103810775
29391,Bike Buyers,A,581.5193286463614,0.8910001483918794,"Road-750 Black, 44",Water Bottle - 30 oz.,0.0061156235069278544,0.3516483516483516,3.498098859315589
29398,Bike Buyers,A,574.4302149910151,0.9059196905543041,"Road-750 Black, 48",Road Bottle Cage,0.005924510272336359,0.3263157894736842,4.487378103603292
29398,Bike Buyers,A,574.4302149910151,0.9059196905543041,"Road-750 Black, 48",Water Bottle - 30 oz.,0.005160057333970377,0.28421052631578947,2.827246347808685
29399,Bike Buyers,A,569.3796260521663,0.9070083488382116,LL Road Tire,Road Tire Tube,0.009077878643096034,0.5397727272727272,18.520398658718328
29399,Bike Buyers,A,569.3796260521663,0.9070083488382116,LL Road Tire,Patch Kit/8 Patches,0.005828953655040612,0.34659090909090906,9.420971074380164
29399,Bike Buyers,A,569.3796260521663,0.9070083488382116,"Road-750 Black, 44",Road Bottle Cage,0.007453416149068323,0.42857142857142855,5.893561103810775
29400,Bike Buyers,A,590.9274162494498,0.5938279394281983,Water Bottle - 30 oz.,Mountain Bottle Cage,0.0358337314859054,0.3564638783269962,8.21672794425554
29403,Bike Buyers,A,600.5422566113939,0.7103725709597988,Water Bottle - 30 oz.,Mountain Bottle Cage,0.0358337314859054,0.3564638783269962,8.21672794425554
29407,Bike Buyers,A,615.3308154097181,0.8701656974178051,Water Bottle - 30 oz.,Mountain Bottle Cage,0.0358337314859054,0.3564638783269962,8.21672794425554
29412,Bike Buyers,A,674.5578977516229,0.9635462421790456,Road Tire Tube,HL Road Tire,0.00926899187768753,0.3180327868852459,24.117486338797814
29412,Bike Buyers,A,674.5578977516229,0.9635462421790456,Road Tire Tube,ML Road Tire,0.010797897754419493,0.3704918032786885,23.933313094515277
29412,Bike Buyers,A,674.5578977516229,0.9635462421790456,LL Road Tire,Patch Kit/8 Patches,0.005828953655040612,0.34659090909090906,9.420971074380164
29468,Bike Buyers,A,569.8745117150623,0.8788886258256279,AWC Logo Cap,Water Bottle - 30 oz.,0.015097945532728141,0.2936802973977695,2.9214489660338954
29477,Bike Buyers,A,593.2462152123198,0.9044495257104541,AWC Logo Cap,Water Bottle - 30 oz.,0.015097945532728141,0.2936802973977695,2.9214489660338954
29478,Bike Buyers,A,599.9770307156608,0.9109725281627576,Water Bottle - 30 oz.,Mountain Bottle Cage,0.0358337314859054,0.3564638783269962,8.21672794425554
29480,Bike Buyers,A,652.056403866739,0.970707318623481,Water Bottle - 30 oz.,Mountain Bottle Cage,0.0358337314859054,0.3564638783269962,8.21672794425554
29484,High-Value Customers,A,17501.84733036138,0.9981205537280053,"Men's Bib-Shorts, L","Women's Tights, M",0.03548711081352528,0.5955056179775281,15.603291937709443
29484,High-Value Customers,A,17501.84733036138,0.9981205537280053,"Men's Bib-Shorts, L","Men's Sports Shorts, L",0.03783059926347506,0.6348314606741573,14.58647363872083
29484,High-Value Customers,A,17501.84733036138,0.9981205537280053,"Men's Bib-Shorts, L","Men's Sports Shorts, S",0.04519584867760294,0.7584269662921348,14.158883426966291
29490,High-Value Customers,A,1258.3303234409118,0.8848144317378341,ML Mountain Front Wheel,LL Mountain Rear Wheel,0.033143622363575494,0.868421052631579,17.64607948442535
29490,High-Value Customers,A,1258.3303234409118,0.8848144317378341,ML Mountain Front Wheel,HL Mountain Handlebars,0.03046534984934717,0.7982456140350878,13.029287700124629
29490,High-Value Customers,A,1258.3303234409118,0.8848144317378341,ML Mountain Front Wheel,"ML Mountain Frame - Black, 44",0.03247405423501841,0.850877192982456,12.836213007265638
29491,High-Value Customers,A,10935.148741879664,0.9945587050746815,"HL Mountain Frame - Silver, 38",ML Headset,0.03381319049213258,0.24574209245742093,6.673014819730148
29491,High-Value Customers,A,10935.148741879664,0.9945587050746815,"HL Mountain Frame - Silver, 38",HL Fork,0.034482758620689655,0.2506082725060827,6.398007777569821
29491,High-Value Customers,A,10935.148741879664,0.9945587050746815,"HL Mountain Frame - Black, 42",LL Mountain Handlebars,0.06528289253431536,0.48148148148148145,6.335617555881873
29504,High-Value Customers,A,20954.940949042557,0.9813585045008405,"HL Mountain Frame - Silver, 38",ML Headset,0.03381319049213258,0.24574209245742093,6.673014819730148
29504,High-Value Customers,A,20954.940949042557,0.9813585045008405,"HL Mountain Frame - Silver, 38",HL Fork,0.034482758620689655,0.2506082725060827,6.398007777569821
29504,High-Value Customers,A,20954.940949042557,0.9813585045008405,"HL Mountain Frame - Black, 42",LL Mountain Handlebars,0.06528289253431536,0.48148148148148145,6.335617555881873
29507,High-Value Customers,A,58190.29503138598,0.9985002997871748,"Mountain-200 Black, 46","LL Mountain Frame - Silver, 42",0.03347840642785403,0.28653295128939826,7.253168860181632
29507,High-Value Customers,A,58190.29503138598,0.9985002997871748,"Mountain-200 Black, 46","LL Mountain Frame - Black, 44",0.03515232674924674,0.3008595988538682,7.020840795128939
29507,High-Value Customers,A,58190.29503138598,0.9985002997871748,"Mountain-200 Black, 46","Mountain-500 Silver, 48",0.03013056578506863,0.25787965616045844,6.877558329922227
29510,High-Value Customers,A,16108.94581560803,0.9981111986738839,"LL Road Frame - Red, 62","Road-250 Red, 44",0.04954804151322397,0.5174825174825175,7.058083469042374
29510,High-Value Customers,A,16108.94581560803,0.9981111986738839,"Road-650 Black, 60","Road-250 Red, 48",0.06427854034147974,0.5052631578947369,7.05243482538121
29510,High-Value Customers,A,16108.94581560803,0.9981111986738839,"LL Road Frame - Red, 62",ML Road Front Wheel,0.04352192835621024,0.45454545454545453,6.998594189315839
29513,High-Value Customers,A,35745.77368771267,0.9967963349207545,"Men's Bib-Shorts, S","Women's Tights, M",0.03515232674924674,0.4565217391304348,11.9616704805492
29513,High-Value Customers,A,35745.77368771267,0.9967963349207545,"Men's Bib-Shorts, S","Men's Sports Shorts, S",0.04887847338466689,0.6347826086956522,11.850597826086956
29513,High-Value Customers,A,35745.77368771267,0.9967963349207545,"Men's Bib-Shorts, S","Men's Bib-Shorts, L",0.053230666220287916,0.691304347826087,11.600708353688324
29525,High-Value Customers,A,34488.11784726502,0.992986200675483,"HL Mountain Frame - Black, 38",HL Headset,0.03213927017073987,0.3983402489626556,10.816748396831384
29525,High-Value Customers,A,34488.11784726502,0.992986200675483,"HL Mountain Frame - Black, 38",ML Headset,0.03180448610646133,0.3941908713692946,10.70407393436439
29525,High-Value Customers,A,34488.11784726502,0.992986200675483,"HL Mountain Frame - Black, 38",HL Fork,0.03381319049213258,0.41908713692946065,10.699258786395717
29530,High-Value Customers,A,2106.7413739906824,0.9485899648947844,"Road-250 Red, 58","Road-550-W Yellow, 44",0.05088717777033813,0.8888888888888888,16.28902522154056
29530,High-Value Customers,A,2106.7413739906824,0.9485899648947844,"Road-250 Red, 58","Road-250 Black, 58",0.050552393706059594,0.8830409356725146,16.083190700328057
29530,High-Value Customers,A,2106.7413739906824,0.9485899648947844,"HL Road Frame - Red, 62","HL Road Frame - Red, 44",0.05390023434884499,0.8214285714285714,12.454858593183467
29541,High-Value Customers,A,555.6850418815905,0.9087480947728311,"Mountain-100 Black, 42","Mountain-100 Silver, 44",0.042852360227653166,0.7664670658682635,13.627601938979186
29541,High-Value Customers,A,555.6850418815905,0.9087480947728311,"Mountain-100 Black, 42","Mountain Bike Socks, M",0.04352192835621024,0.778443113772455,13.286911890504703
29541,High-Value Customers,A,555.6850418815905,0.9087480947728311,"Mountain-100 Black, 42","Mountain-100 Silver, 38",0.04117843990626046,0.7365269461077844,13.253048120626216
29548,High-Value Customers,A,583.5859607254253,0.7326654169064701,"Road-150 Red, 56","Road-450 Red, 60",0.04251757616337462,0.7175141242937852,13.068382251619125
29548,High-Value Customers,A,583.5859607254253,0.7326654169064701,"Road-150 Red, 56","Road-450 Red, 44",0.043187144291931705,0.7288135593220338,12.958131557707828
29548,High-Value Customers,A,583.5859607254253,0.7326654169064701,"Road-150 Red, 56","Road-150 Red, 62",0.03180448610646133,0.5367231638418078,12.23810756027084
29549,High-Value Customers,A,26996.30210119955,0.9981616215153666,"Men's Bib-Shorts, L","Women's Tights, M",0.03548711081352528,0.5955056179775281,15.603291937709443
29549,High-Value Customers,A,26996.30210119955,0.9981616215153666,"Men's Bib-Shorts, L","Men's Sports Shorts, L",0.03783059926347506,0.6348314606741573,14.58647363872083
29549,High-Value Customers,A,26996.30210119955,0.9981616215153666,"Men's Bib-Shorts, L","Men's Sports Shorts, S",0.04519584867760294,0.7584269662921348,14.158883426966291
29554,High-Value Customers,A,2118.8789511106847,0.9840935229630186,"Classic Vest, M",Hydration Pack - 70 oz.,0.07231335788416471,0.9391304347826087,11.786481549141396
29554,High-Value Customers,A,2118.8789511106847,0.9840935229630186,"Classic Vest, M","Short-Sleeve Classic Jersey, S",0.06026113157013726,0.782608695652174,10.974892835272506
29554,High-Value Customers,A,2118.8789511106847,0.9840935229630186,"Classic Vest, M","Short-Sleeve Classic Jersey, L",0.07432206226983595,0.9652173913043478,10.67816425120773
29555,Bike Buyers,A,1907.8898073362113,0.9424789879685707,"Road-750 Black, 48",Road Bottle Cage,0.005924510272336359,0.3263157894736842,4.487378103603292
29555,Bike Buyers,A,1907.8898073362113,0.9424789879685707,"Road-750 Black, 48",Water Bottle - 30 oz.,0.005160057333970377,0.28421052631578947,2.827246347808685
29558,High-Value Customers,A,5986.475098164177,0.9561625987036599,LL Mountain Rear Wheel,ML Mountain Front Wheel,0.033143622363575494,0.673469387755102,17.64607948442535
29558,High-Value Customers,A,5986.475098164177,0.9561625987036599,HL Mountain Seat/Saddle,"LL Mountain Frame - Silver, 42",0.031134917977904252,0.6595744680851064,16.696177425171296
29558,High-Value Customers,A,5986.475098164177,0.9561625987036599,HL Mountain Seat/Saddle,LL Mountain Pedal,0.03548711081352528,0.75177304964539,16.633674809561334
29562,High-Value Customers,A,78395.3214894812,0.9901673822560644,"Men's Bib-Shorts, L","Women's Tights, M",0.03548711081352528,0.5955056179775281,15.603291937709443
29562,High-Value Customers,A,78395.3214894812,0.9901673822560644,"Men's Bib-Shorts, L","Men's Sports Shorts, L",0.03783059926347506,0.6348314606741573,14.58647363872083
29562,High-Value Customers,A,78395.3214894812,0.9901673822560644,"Men's Bib-Shorts, L","Men's Sports Shorts, S",0.04519584867760294,0.7584269662921348,14.158883426966291
29565,High-Value Customers,A,626.1255594039623,0.9456532941750805,ML Road Pedal,"Road-750 Black, 58",0.03213927017073987,0.5889570552147239,15.568271893153806
29565,High-Value Customers,A,626.1255594039623,0.9456532941750805,ML Road Pedal,HL Road Pedal,0.04586541680616003,0.8404907975460123,15.497197606604558
29565,High-Value Customers,A,626.1255594039623,0.9456532941750805,ML Road Pedal,"Road-350-W Yellow, 42",0.034482758620689655,0.6319018404907976,15.099926380368098
29582,High-Value Customers,A,19700.991031477934,0.9974705029820549,"HL Mountain Frame - Black, 38",HL Headset,0.03213927017073987,0.3983402489626556,10.816748396831384
29582,High-Value Customers,A,19700.991031477934,0.9974705029820549,"HL Mountain Frame - Black, 38",ML Headset,0.03180448610646133,0.3941908713692946,10.70407393436439
29582,High-Value Customers,A,19700.991031477934,0.9974705029820549,"HL Mountain Frame - Black, 38",HL Fork,0.03381319049213258,0.41908713692946065,10.699258786395717
29594,High-Value Customers,A,63445.069090162644,0.9990068767600649,"Men's Bib-Shorts, L","Women's Tights, M",0.03548711081352528,0.5955056179775281,15.603291937709443
29594,High-Value Customers,A,63445.069090162644,0.9990068767600649,"Men's Bib-Shorts, L","Men's Sports Shorts, L",0.03783059926347506,0.6348314606741573,14.58647363872083
29594,High-Value Customers,A,63445.069090162644,0.9990068767600649,"Men's Bib-Shorts, L","Men's Sports Shorts, S",0.04519584867760294,0.7584269662921348,14.158883426966291
29596,High-Value Customers,A,4592.608591417973,0.9965398551713862,"Road-450 Red, 58","Road-450 Red, 44",0.04352192835621024,0.6018518518518519,10.700782627865962
29596,High-Value Customers,A,4592.608591417973,0.9965398551713862,"Road-450 Red, 58","Road-150 Red, 56",0.04519584867760294,0.625,10.54731638418079
29596,High-Value Customers,A,4592.608591417973,0.9965398551713862,"Road-450 Red, 58","Road-450 Red, 60",0.04117843990626046,0.5694444444444444,10.371527777777777
29610,High-Value Customers,A,2070.4605320769897,0.9908478994215184,"Men's Sports Shorts, L","Women's Tights, M",0.03682624707063944,0.8461538461538461,22.170715249662617
29610,High-Value Customers,A,2070.4605320769897,0.9908478994215184,"Men's Sports Shorts, L","Men's Sports Shorts, S",0.03783059926347506,0.8692307692307693,16.227451923076924
29610,High-Value Customers,A,2070.4605320769897,0.9908478994215184,"Men's Sports Shorts, L","Men's Bib-Shorts, L",0.03783059926347506,0.8692307692307693,14.586473638720829
29611,Bike Buyers,A,1270.2647779353117,0.9805632638113118,AWC Logo Cap,Water Bottle - 30 oz.,0.015097945532728141,0.2936802973977695,2.9214489660338954
29613,High-Value Customers,A,5002.035855554844,0.9988142774784327,LL Mountain Rear Wheel,ML Mountain Front Wheel,0.033143622363575494,0.673469387755102,17.64607948442535
29613,High-Value Customers,A,5002.035855554844,0.9988142774784327,LL Mountain Front Wheel,HL Fork,0.03548711081352528,0.4588744588744589,11.715025715025714
29613,High-Value Customers,A,5002.035855554844,0.9988142774784327,LL Mountain Front Wheel,ML Headset,0.03247405423501841,0.41991341991341985,11.402558048012592
29624,High-Value Customers,A,47458.609963918294,0.9978398232733415,"HL Mountain Frame - Black, 38",HL Headset,0.03213927017073987,0.3983402489626556,10.816748396831384
29624,High-Value Customers,A,47458.609963918294,0.9978398232733415,"HL Mountain Frame - Black, 38",ML Headset,0.03180448610646133,0.3941908713692946,10.70407393436439
29624,High-Value Customers,A,47458.609963918294,0.9978398232733415,"HL Mountain Frame - Black, 38",HL Fork,0.03381319049213258,0.41908713692946065,10.699258786395717
29649,High-Value Customers,A,35003.31303253147,0.9308063940481003,"ML Mountain Frame - Black, 44",ML Headset,0.033143622363575494,0.5,13.577272727272726
29649,High-Value Customers,A,35003.31303253147,0.9308063940481003,"ML Mountain Frame - Black, 44",HL Fork,0.034482758620689655,0.5202020202020202,13.280713114046447
29649,High-Value Customers,A,35003.31303253147,0.9308063940481003,"ML Mountain Frame - Black, 44",HL Headset,0.031134917977904252,0.4696969696969697,12.754407713498622
29655,Bike Buyers,A,6811.525292634952,0.9965661432783655,AWC Logo Cap,Water Bottle - 30 oz.,0.015097945532728141,0.2936802973977695,2.9214489660338954
29661,High-Value Customers,A,9664.000733050843,0.9929246313639284,"Road-250 Black, 52","Road-550-W Yellow, 44",0.04954804151322397,0.5229681978798586,9.58347243599471
29661,High-Value Customers,A,9664.000733050843,0.9929246313639284,"Road-250 Black, 52","Road-250 Black, 58",0.04921325744894543,0.519434628975265,9.460678272860468
29661,High-Value Customers,A,9664.000733050843,0.9929246313639284,"Road-250 Black, 52","Road-250 Red, 58",0.05122196183461667,0.5406360424028268,9.443741863492653
29663,High-Value Customers,A,7980.762805659172,0.9855643048870026,HL Road Front Wheel,"Road-250 Red, 48",0.05088717777033813,0.7450980392156863,10.400036650174089
29663,High-Value Customers,A,7980.762805659172,0.9855643048870026,ML Road Front Wheel,"Road-250 Red, 52",0.04084365584198192,0.6288659793814434,10.378025858631887
29663,High-Value Customers,A,7980.762805659172,0.9855643048870026,HL Road Front Wheel,"Road-250 Red, 44",0.05088717777033813,0.7450980392156863,10.162592891037695
29667,High-Value Customers,A,8700.227693627825,0.9980350405358924,HL Road Front Wheel,"Road-250 Red, 48",0.05088717777033813,0.7450980392156863,10.400036650174089
29667,High-Value Customers,A,8700.227693627825,0.9980350405358924,ML Road Front Wheel,"Road-250 Red, 52",0.04084365584198192,0.6288659793814434,10.378025858631887
29667,High-Value Customers,A,8700.227693627825,0.9980350405358924,HL Road Front Wheel,"Road-250 Red, 44",0.05088717777033813,0.7450980392156863,10.162592891037695
29673,Bike Buyers,A,2946.6422756275074,0.9989262039789266,AWC Logo Cap,Water Bottle - 30 oz.,0.015097945532728141,0.2936802973977695,2.9214489660338954
29680,High-Value Customers,A,8064.458956471115,0.987622310452332,LL Mountain Rear Wheel,ML Mountain Front Wheel,0.033143622363575494,0.673469387755102,17.64607948442535
29680,High-Value Customers,A,8064.458956471115,0.987622310452332,LL Mountain Front Wheel,HL Fork,0.03548711081352528,0.4588744588744589,11.715025715025714
29680,High-Value Customers,A,8064.458956471115,0.987622310452332,LL Mountain Front Wheel,ML Headset,0.03247405423501841,0.41991341991341985,11.402558048012592
29681,Bike Buyers,A,1694.4847303433166,0.9674871884249051,"Road-750 Black, 52",Road Bottle Cage,0.006975633062589585,0.39673913043478265,5.455814717477004
29681,Bike Buyers,A,1694.4847303433166,0.9674871884249051,"Road-750 Black, 52",Water Bottle - 30 oz.,0.0063067367415193505,0.3586956521739131,3.5682034220532324
29686,Bike Buyers,A,3796.268622258871,0.9988277886019419,AWC Logo Cap,Water Bottle - 30 oz.,0.015097945532728141,0.2936802973977695,2.9214489660338954
29699,High-Value Customers,A,20640.610276243366,0.9987660493604522,"HL Road Frame - Red, 62","HL Road Frame - Red, 44",0.05390023434884499,0.8214285714285714,12.454858593183467
29699,High-Value Customers,A,20640.610276243366,0.9987660493604522,HL Road Front Wheel,ML Road Front Wheel,0.055239370605959154,0.8088235294117646,12.453380836870831
29699,High-Value Customers,A,20640.610276243366,0.9987660493604522,"Road-250 Red, 48","Road-250 Red, 52",0.05222631402745229,0.7289719626168224,12.03005111788093
29703,High-Value Customers,A,53890.28361928956,0.9982885558168083,"Road-250 Red, 52","Road-550-W Yellow, 44",0.034147974556411116,0.56353591160221,10.32688201199878
29703,High-Value Customers,A,53890.28361928956,0.9982885558168083,"Road-250 Red, 52","Road-250 Black, 58",0.03347840642785403,0.5524861878453038,10.062660018865381
29703,High-Value Customers,A,53890.28361928956,0.9982885558168083,"Road-250 Red, 52","Road-250 Red, 58",0.03481754268496819,0.574585635359116,10.036767794255436
29708,High-Value Customers,A,8126.035312366717,0.9977252687121082,"LL Road Frame - Red, 62","Road-250 Red, 44",0.04954804151322397,0.5174825174825175,7.058083469042374
29708,High-Value Customers,A,8126.035312366717,0.9977252687121082,"Road-650 Black, 60","Road-250 Red, 48",0.06427854034147974,0.5052631578947369,7.05243482538121
29708,High-Value Customers,A,8126.035312366717,0.9977252687121082,"LL Road Frame - Red, 62",ML Road Front Wheel,0.04352192835621024,0.45454545454545453,6.998594189315839
29710,High-Value Customers,A,32047.450679043977,0.9917119319640837,"HL Mountain Frame - Black, 38",HL Headset,0.03213927017073987,0.3983402489626556,10.816748396831384
29710,High-Value Customers,A,32047.450679043977,0.9917119319640837,"HL Mountain Frame - Black, 38",ML Headset,0.03180448610646133,0.3941908713692946,10.70407393436439
29710,High-Value Customers,A,32047.450679043977,0.9917119319640837,"HL Mountain Frame - Black, 38",HL Fork,0.03381319049213258,0.41908713692946065,10.699258786395717
29717,High-Value Customers,A,10216.75976718441,0.9941632702051206,"Men's Bib-Shorts, S","Women's Tights, M",0.03515232674924674,0.4565217391304348,11.9616704805492
29717,High-Value Customers,A,10216.75976718441,0.9941632702051206,"Men's Bib-Shorts, S","Men's Sports Shorts, S",0.04887847338466689,0.6347826086956522,11.850597826086956
29717,High-Value Customers,A,10216.75976718441,0.9941632702051206,"Men's Bib-Shorts, S","Men's Bib-Shorts, L",0.053230666220287916,0.691304347826087,11.600708353688324
29718,High-Value Customers,A,11546.876386584336,0.9831852720661653,"Road-250 Red, 58","Road-550-W Yellow, 44",0.05088717777033813,0.8888888888888888,16.28902522154056
29718,High-Value Customers,A,11546.876386584336,0.9831852720661653,"Road-250 Red, 58","Road-250 Black, 58",0.050552393706059594,0.8830409356725146,16.083190700328057
29718,High-Value Customers,A,11546.876386584336,0.9831852720661653,"Road-650 Red, 58","Road-650 Black, 62",0.057917643120187476,0.8357487922705313,10.997275958202984
29739,High-Value Customers,A,21811.92779308979,0.9952580364120163,"Men's Bib-Shorts, L","Women's Tights, M",0.03548711081352528,0.5955056179775281,15.603291937709443
29739,High-Value Customers,A,21811.92779308979,0.9952580364120163,"Men's Bib-Shorts, L","Men's Sports Shorts, L",0.03783059926347506,0.6348314606741573,14.58647363872083
29739,High-Value Customers,A,21811.92779308979,0.9952580364120163,"Men's Bib-Shorts, L","Men's Sports Shorts, S",0.04519584867760294,0.7584269662921348,14.158883426966291
29742,High-Value Customers,A,17841.62208470572,0.9974705029820549,"HL Mountain Frame - Black, 38",HL Headset,0.03213927017073987,0.3983402489626556,10.816748396831384
29742,High-Value Customers,A,17841.62208470572,0.9974705029820549,"HL Mountain Frame - Black, 38",ML Headset,0.03180448610646133,0.3941908713692946,10.70407393436439
29742,High-Value Customers,A,17841.62208470572,0.9974705029820549,"HL Mountain Frame - Black, 38",HL Fork,0.03381319049213258,0.41908713692946065,10.699258786395717
29746,High-Value Customers,A,24466.222422369447,0.9322636788058626,ML Road Front Wheel,HL Road Front Wheel,0.055239370605959154,0.8505154639175259,12.453380836870831
29746,High-Value Customers,A,24466.222422369447,0.9322636788058626,"Road-650 Red, 58","Road-650 Black, 62",0.057917643120187476,0.8357487922705313,10.997275958202984
29746,High-Value Customers,A,24466.222422369447,0.9322636788058626,"Road-650 Red, 58","Road-650 Black, 48",0.0589219953130231,0.8502415458937197,10.946859903381641
29748,High-Value Customers,A,17355.056811877763,0.9885776863830184,"HL Mountain Frame - Black, 38",HL Headset,0.03213927017073987,0.3983402489626556,10.816748396831384
29748,High-Value Customers,A,17355.056811877763,0.9885776863830184,"HL Mountain Frame - Black, 38",ML Headset,0.03180448610646133,0.3941908713692946,10.70407393436439
29748,High-Value Customers,A,17355.056811877763,0.9885776863830184,"HL Mountain Frame - Black, 38",HL Fork,0.03381319049213258,0.41908713692946065,10.699258786395717
29749,High-Value Customers,A,17697.060274479107,0.9975883212868933,"HL Road Frame - Red, 44","HL Road Frame - Black, 44",0.04921325744894543,0.7461928934010154,12.382656514382406
29749,High-Value Customers,A,17697.060274479107,0.9975883212868933,"Road-650 Black, 62","Road-650 Red, 58",0.057917643120187476,0.762114537444934,10.997275958202984
29749,High-Value Customers,A,17697.060274479107,0.9975883212868933,"Road-650 Black, 62","Road-250 Red, 52",0.04117843990626046,0.5418502202643172,8.942025458174118
29756,High-Value Customers,A,1197.912284387531,0.8339902689521549,"Road-350-W Yellow, 40","Road-750 Black, 58",0.032808838299296955,0.56,14.80283185840708
29756,High-Value Customers,A,1197.912284387531,0.8339902689521549,"Road-350-W Yellow, 40","Road-750 Black, 48",0.05021760964178105,0.8571428571428571,14.714285714285714
29756,High-Value Customers,A,1197.912284387531,0.8339902689521549,"Road-350-W Yellow, 40","Road-350-W Yellow, 42",0.03481754268496819,0.5942857142857142,14.201051428571427
29759,High-Value Customers,A,4090.962065384687,0.9963337038928675,"Road-450 Red, 58","Road-450 Red, 44",0.04352192835621024,0.6018518518518519,10.700782627865962
29759,High-Value Customers,A,4090.962065384687,0.9963337038928675,"Road-450 Red, 58","Road-150 Red, 56",0.04519584867760294,0.625,10.54731638418079
29759,High-Value Customers,A,4090.962065384687,0.9963337038928675,"Road-450 Red, 58","Road-450 Red, 60",0.04117843990626046,0.5694444444444444,10.371527777777777
29769,High-Value Customers,A,10731.270415684216,0.9962765066600444,"Long-Sleeve Logo Jersey, L","Classic Vest, M",0.07331771007700033,0.2176938369781312,2.827180395885556
29769,High-Value Customers,A,10731.270415684216,0.9962765066600444,"Long-Sleeve Logo Jersey, L","Women's Tights, L",0.13726146635420153,0.4075546719681908,2.7793739844040775
29769,High-Value Customers,A,10731.270415684216,0.9962765066600444,"Long-Sleeve Logo Jersey, L","Half-Finger Gloves, M",0.15098761298962168,0.4483101391650099,2.755354703057376
29771,High-Value Customers,A,1380.6320610619275,0.9922271079191014,ML Mountain Front Wheel,LL Mountain Rear Wheel,0.033143622363575494,0.868421052631579,17.64607948442535
29771,High-Value Customers,A,1380.6320610619275,0.9922271079191014,ML Mountain Front Wheel,HL Mountain Handlebars,0.03046534984934717,0.7982456140350878,13.029287700124629
29771,High-Value Customers,A,1380.6320610619275,0.9922271079191014,ML Mountain Front Wheel,"ML Mountain Frame - Black, 44",0.03247405423501841,0.850877192982456,12.836213007265638
29773,High-Value Customers,A,10945.798997141217,0.99765948177475,"Road-650 Red, 58","Road-250 Red, 52",0.038834951456310676,0.5603864734299516,9.247924840526329
29773,High-Value Customers,A,10945.798997141217,0.99765948177475,"Road-650 Red, 58","Road-550-W Yellow, 44",0.033143622363575494,0.47826086956521735,8.764203787676713
29773,High-Value Customers,A,10945.798997141217,0.99765948177475,"Road-650 Red, 58","Road-250 Red, 58",0.034147974556411116,0.49275362318840576,8.607339605051274
29774,High-Value Customers,A,22552.621142842694,0.9989834213569283,"HL Mountain Frame - Silver, 38",ML Headset,0.03381319049213258,0.24574209245742093,6.673014819730148
29774,High-Value Customers,A,22552.621142842694,0.9989834213569283,"HL Mountain Frame - Silver, 38",HL Fork,0.034482758620689655,0.2506082725060827,6.398007777569821
29774,High-Value Customers,A,22552.621142842694,0.9989834213569283,"HL Mountain Frame - Black, 42",LL Mountain Handlebars,0.06528289253431536,0.48148148148148145,6.335617555881873
29787,High-Value Customers,A,19268.518433831636,0.9734718679078782,"HL Mountain Frame - Black, 38",HL Headset,0.03213927017073987,0.3983402489626556,10.816748396831384
29787,High-Value Customers,A,19268.518433831636,0.9734718679078782,"HL Mountain Frame - Black, 38",ML Headset,0.03180448610646133,0.3941908713692946,10.70407393436439
29787,High-Value Customers,A,19268.518433831636,0.9734718679078782,"HL Mountain Frame - Black, 38",HL Fork,0.03381319049213258,0.41908713692946065,10.699258786395717
29788,High-Value Customers,A,776.1029453326842,0.7422856674261575,"Road-450 Red, 60","Road-450 Red, 44",0.04352192835621024,0.7926829268292683,14.093713704994194
29788,High-Value Customers,A,776.1029453326842,0.7422856674261575,"Road-450 Red, 60","Road-150 Red, 62",0.03247405423501841,0.5914634146341463,13.486268851238131
29788,High-Value Customers,A,776.1029453326842,0.7422856674261575,"Road-450 Red, 60","Road-150 Red, 56",0.04251757616337462,0.7743902439024389,13.068382251619123
29791,High-Value Customers,A,7159.353288975974,0.9958221730355545,"Road-450 Red, 44","ML Road Frame - Red, 48",0.03347840642785403,0.5952380952380952,13.782761166482096
29791,High-Value Customers,A,7159.353288975974,0.9958221730355545,"LL Road Frame - Red, 62","Road-250 Red, 44",0.04954804151322397,0.5174825174825175,7.058083469042374
29791,High-Value Customers,A,7159.353288975974,0.9958221730355545,"Road-650 Black, 60","Road-250 Red, 48",0.06427854034147974,0.5052631578947369,7.05243482538121
29793,High-Value Customers,A,51184.0167749354,0.9983528969125511,"Mountain-200 Black, 46","LL Mountain Frame - Silver, 42",0.03347840642785403,0.28653295128939826,7.253168860181632
29793,High-Value Customers,A,51184.0167749354,0.9983528969125511,"Mountain-200 Black, 46","LL Mountain Frame - Black, 44",0.03515232674924674,0.3008595988538682,7.020840795128939
29793,High-Value Customers,A,51184.0167749354,0.9983528969125511,"Mountain-200 Black, 46","Mountain-500 Silver, 48",0.03013056578506863,0.25787965616045844,6.877558329922227
29794,High-Value Customers,A,9156.523760437794,0.9955697620688211,"HL Road Frame - Red, 44","HL Road Frame - Black, 44",0.04921325744894543,0.7461928934010154,12.382656514382406
29794,High-Value Customers,A,9156.523760437794,0.9955697620688211,"HL Road Frame - Red, 44",HL Road Handlebars,0.043187144291931705,0.6548223350253808,8.616538831369219
29794,High-Value Customers,A,9156.523760437794,0.9955697620688211,"LL Road Frame - Red, 62","Road-250 Red, 44",0.04954804151322397,0.5174825174825175,7.058083469042374
29807,Bike Buyers,A,8886.34997502853,0.9989439480091199,AWC Logo Cap,Water Bottle - 30 oz.,0.015097945532728141,0.2936802973977695,2.9214489660338954
29808,Bike Buyers,A,1608.5633638568822,0.999009166243726,AWC Logo Cap,Water Bottle - 30 oz.,0.015097945532728141,0.2936802973977695,2.9214489660338954
29819,Bike Buyers,A,650.6774877352254,0.754772335118897,"Road-750 Black, 44",Road Bottle Cage,0.007453416149068323,0.42857142857142855,5.893561103810775
29819,Bike Buyers,A,650.6774877352254,0.754772335118897,"Road-750 Black, 44",Water Bottle - 30 oz.,0.0061156235069278544,0.3516483516483516,3.498098859315589
29833,High-Value Customers,A,1098.3381803460438,0.8663322630720797,"HL Road Frame - Red, 44","HL Road Frame - Red, 62",0.05390023434884499,0.817258883248731,12.454858593183467
29833,High-Value Customers,A,1098.3381803460438,0.8663322630720797,"HL Road Frame - Black, 44",HL Road Handlebars,0.04385671242048878,0.7277777777777777,9.576529613313754
29833,High-Value Customers,A,1098.3381803460438,0.8663322630720797,LL Road Rear Wheel,"Road-250 Red, 48",0.060595915634415805,0.5973597359735974,8.337913697911848
29836,High-Value Customers,A,47614.065183784754,0.9990823353758481,"Men's Bib-Shorts, L","Women's Tights, M",0.03548711081352528,0.5955056179775281,15.603291937709443
29836,High-Value Customers,A,47614.065183784754,0.9990823353758481,"Men's Bib-Shorts, L","Men's Sports Shorts, L",0.03783059926347506,0.6348314606741573,14.58647363872083
29836,High-Value Customers,A,47614.065183784754,0.9990823353758481,"Men's Bib-Shorts, L","Men's Sports Shorts, S",0.04519584867760294,0.7584269662921348,14.158883426966291
29853,High-Value Customers,A,40633.78460218298,0.9952194365962215,"Men's Bib-Shorts, L","Women's Tights, M",0.03548711081352528,0.5955056179775281,15.603291937709443
29853,High-Value Customers,A,40633.78460218298,0.9952194365962215,"Men's Bib-Shorts, L","Men's Sports Shorts, L",0.03783059926347506,0.6348314606741573,14.58647363872083
29853,High-Value Customers,A,40633.78460218298,0.9952194365962215,"Men's Bib-Shorts, L","Men's Sports Shorts, S",0.04519584867760294,0.7584269662921348,14.158883426966291
29859,Bike Buyers,A,849.0001703934084,0.98655332995496,AWC Logo Cap,Water Bottle - 30 oz.,0.015097945532728141,0.2936802973977695,2.9214489660338954
29861,High-Value Customers,A,47458.609963918294,0.9974705029820549,"HL Mountain Frame - Black, 38",HL Headset,0.03213927017073987,0.3983402489626556,10.816748396831384
29861,High-Value Customers,A,47458.609963918294,0.9974705029820549,"HL Mountain Frame - Black, 38",ML Headset,0.03180448610646133,0.3941908713692946,10.70407393436439
29861,High-Value Customers,A,47458.609963918294,0.9974705029820549,"HL Mountain Frame - Black, 38",HL Fork,0.03381319049213258,0.41908713692946065,10.699258786395717
29866,High-Value Customers,A,5260.270131910353,0.9772455843758417,"Road-750 Black, 52","Road-750 Black, 58",0.03213927017073987,0.5549132947976879,14.668371783722954
29866,High-Value Customers,A,5260.270131910353,0.9772455843758417,"Road-750 Black, 52","Road-350-W Yellow, 42",0.03548711081352528,0.6127167630057804,14.641479768786127
29866,High-Value Customers,A,5260.270131910353,0.9772455843758417,"Road-750 Black, 52","Road-350-W Yellow, 40",0.04653498493471711,0.8034682080924856,13.714054500412884
29872,Bike Buyers,A,1204.938176628536,0.9612426632724563,AWC Logo Cap,Water Bottle - 30 oz.,0.015097945532728141,0.2936802973977695,2.9214489660338954
29876,High-Value Customers,A,3521.7636263637814,0.9838732261148778,"ML Mountain Frame - Black, 48",ML Headset,0.03213927017073987,0.3779527559055118,10.263135289906943
29876,High-Value Customers,A,3521.7636263637814,0.9838732261148778,"ML Mountain Frame - Black, 48",HL Fork,0.03347840642785403,0.3937007874015748,10.051147452722256
29876,High-Value Customers,A,3521.7636263637814,0.9838732261148778,"ML Mountain Frame - Black, 48","ML Mountain Frame - Black, 44",0.056243722798794776,0.6614173228346457,9.978048198520641
29883,High-Value Customers,A,11550.009885909412,0.9951285925745862,"Road-450 Red, 44","ML Road Frame - Red, 48",0.03347840642785403,0.5952380952380952,13.782761166482096
29883,High-Value Customers,A,11550.009885909412,0.9951285925745862,"Road-650 Red, 58","Road-250 Red, 52",0.038834951456310676,0.5603864734299516,9.247924840526329
29883,High-Value Customers,A,11550.009885909412,0.9951285925745862,"Road-650 Red, 58","Road-550-W Yellow, 44",0.033143622363575494,0.47826086956521735,8.764203787676713
29885,High-Value Customers,A,50506.4415048629,0.994021813521631,"Men's Bib-Shorts, L","Women's Tights, M",0.03548711081352528,0.5955056179775281,15.603291937709443
29885,High-Value Customers,A,50506.4415048629,0.994021813521631,"Men's Bib-Shorts, L","Men's Sports Shorts, L",0.03783059926347506,0.6348314606741573,14.58647363872083
29885,High-Value Customers,A,50506.4415048629,0.994021813521631,"Men's Bib-Shorts, L","Men's Sports Shorts, S",0.04519584867760294,0.7584269662921348,14.158883426966291
29889,High-Value Customers,A,36507.2149326655,0.9955777937351126,"Men's Bib-Shorts, L","Women's Tights, M",0.03548711081352528,0.5955056179775281,15.603291937709443
29889,High-Value Customers,A,36507.2149326655,0.9955777937351126,"Men's Bib-Shorts, L","Men's Sports Shorts, L",0.03783059926347506,0.6348314606741573,14.58647363872083
29889,High-Value Customers,A,36507.2149326655,0.9955777937351126,"Men's Bib-Shorts, L","Men's Sports Shorts, S",0.04519584867760294,0.7584269662921348,14.158883426966291
29890,High-Value Customers,A,1671.6756683335816,0.8909084525584162,"Men's Sports Shorts, S","Women's Tights, M",0.03548711081352528,0.6625,17.358662280701754
29890,High-Value Customers,A,1671.6756683335816,0.8909084525584162,"Men's Sports Shorts, S","Men's Sports Shorts, L",0.03783059926347506,0.70625,16.227451923076924
29890,High-Value Customers,A,1671.6756683335816,0.8909084525584162,"Men's Sports Shorts, S","Men's Bib-Shorts, L",0.04519584867760294,0.8437499999999999,14.15888342696629
29892,High-Value Customers,A,13323.819410759676,0.8541656459565061,"Road-650 Red, 58","Road-250 Red, 52",0.038834951456310676,0.5603864734299516,9.247924840526329
29892,High-Value Customers,A,13323.819410759676,0.8541656459565061,"Road-650 Red, 58","Road-550-W Yellow, 44",0.033143622363575494,0.47826086956521735,8.764203787676713
29892,High-Value Customers,A,13323.819410759676,0.8541656459565061,"ML Road Frame-W - Yellow, 48","ML Road Frame-W - Yellow, 38",0.07900903916973552,0.8398576512455517,8.74095750616886
29898,High-Value Customers,A,18649.36085311017,0.9937605830244773,"HL Mountain Frame - Silver, 38",ML Headset,0.03381319049213258,0.24574209245742093,6.673014819730148
29898,High-Value Customers,A,18649.36085311017,0.9937605830244773,"HL Mountain Frame - Silver, 38",HL Fork,0.034482758620689655,0.2506082725060827,6.398007777569821
29898,High-Value Customers,A,18649.36085311017,0.9937605830244773,"HL Mountain Frame - Black, 42",LL Mountain Handlebars,0.06528289253431536,0.48148148148148145,6.335617555881873
29906,High-Value Customers,A,11243.184457780957,0.9980671039389624,"Road-650 Red, 58","Road-250 Red, 52",0.038834951456310676,0.5603864734299516,9.247924840526329
29906,High-Value Customers,A,11243.184457780957,0.9980671039389624,"Road-650 Red, 58","Road-550-W Yellow, 44",0.033143622363575494,0.47826086956521735,8.764203787676713
29906,High-Value Customers,A,11243.184457780957,0.9980671039389624,"Road-650 Red, 58","Road-250 Red, 58",0.034147974556411116,0.49275362318840576,8.607339605051274
29912,High-Value Customers,A,10254.593937143649,0.9933382185619194,"Road-450 Red, 44","ML Road Frame - Red, 48",0.03347840642785403,0.5952380952380952,13.782761166482096
29912,High-Value Customers,A,10254.593937143649,0.9933382185619194,"Road-650 Red, 58","Road-650 Black, 48",0.0589219953130231,0.8502415458937197,10.946859903381641
29912,High-Value Customers,A,10254.593937143649,0.9933382185619194,"Road-650 Red, 58","Road-250 Red, 52",0.038834951456310676,0.5603864734299516,9.247924840526329
29914,High-Value Customers,A,782.276317568581,0.981253631763387,"Road-450 Red, 44","Road-150 Red, 62",0.03381319049213258,0.6011904761904763,13.708060705198113
29914,High-Value Customers,A,782.276317568581,0.981253631763387,"Road-450 Red, 60","Road-150 Red, 56",0.04251757616337462,0.7743902439024389,13.068382251619123
29914,High-Value Customers,A,782.276317568581,0.981253631763387,"Road-450 Red, 44","Road-450 Red, 58",0.04352192835621024,0.7738095238095238,10.700782627865962
29921,High-Value Customers,A,25486.01763145887,0.9982095469794693,"Road-650 Red, 58","Road-250 Red, 52",0.038834951456310676,0.5603864734299516,9.247924840526329
29921,High-Value Customers,A,25486.01763145887,0.9982095469794693,"Road-650 Red, 58","Road-550-W Yellow, 44",0.033143622363575494,0.47826086956521735,8.764203787676713
29921,High-Value Customers,A,25486.01763145887,0.9982095469794693,"Road-650 Red, 58","Road-250 Red, 58",0.034147974556411116,0.49275362318840576,8.607339605051274
29925,High-Value Customers,A,21114.16658658129,0.9971586487869883,"ML Mountain Frame - Black, 38",HL Headset,0.03080013391362571,0.4070796460176991,11.054062751407884
29925,High-Value Customers,A,21114.16658658129,0.9971586487869883,"ML Mountain Frame - Black, 38",ML Mountain Front Wheel,0.03180448610646133,0.42035398230088494,11.01401179941003
29925,High-Value Customers,A,21114.16658658129,0.9971586487869883,"ML Mountain Frame - Black, 38","ML Mountain Frame - Black, 44",0.05423501841312354,0.7168141592920354,10.813757039420757
29937,High-Value Customers,A,24550.62086340987,0.9993105015743622,ML Mountain Front Wheel,HL Mountain Handlebars,0.03046534984934717,0.7982456140350878,13.029287700124629
29937,High-Value Customers,A,24550.62086340987,0.9993105015743622,"Mountain-200 Black, 46","LL Mountain Frame - Silver, 42",0.03347840642785403,0.28653295128939826,7.253168860181632
29937,High-Value Customers,A,24550.62086340987,0.9993105015743622,"Half-Finger Gloves, S","Half-Finger Gloves, L",0.05256109809173083,0.47147147147147145,7.112551945885279
29944,High-Value Customers,A,1018.9194835722881,0.9170076210815054,"ML Road Frame - Red, 48","Road-450 Red, 44",0.03347840642785403,0.7751937984496123,13.782761166482096
29944,High-Value Customers,A,1018.9194835722881,0.9170076210815054,"ML Road Frame - Red, 48","Road-450 Red, 60",0.03213927017073987,0.7441860465116279,13.554169030062393
29944,High-Value Customers,A,1018.9194835722881,0.9170076210815054,"HL Road Frame - Red, 62","HL Road Frame - Red, 44",0.05390023434884499,0.8214285714285714,12.454858593183467
29946,High-Value Customers,A,20014.31531407796,0.9850254122023449,"Road-250 Red, 52","Road-550-W Yellow, 44",0.034147974556411116,0.56353591160221,10.32688201199878
29946,High-Value Customers,A,20014.31531407796,0.9850254122023449,"Road-250 Red, 52","Road-250 Black, 58",0.03347840642785403,0.5524861878453038,10.062660018865381
29946,High-Value Customers,A,20014.31531407796,0.9850254122023449,"Road-250 Red, 52","Road-250 Red, 58",0.03481754268496819,0.574585635359116,10.036767794255436
29953,High-Value Customers,A,24075.950571710702,0.9986265350135018,"Mountain-200 Black, 46","LL Mountain Frame - Silver, 42",0.03347840642785403,0.28653295128939826,7.253168860181632
29953,High-Value Customers,A,24075.950571710702,0.9986265350135018,"Mountain-200 Black, 46","LL Mountain Frame - Black, 44",0.03515232674924674,0.3008595988538682,7.020840795128939
29953,High-Value Customers,A,24075.950571710702,0.9986265350135018,"Mountain-200 Black, 46","Mountain-500 Silver, 48",0.03013056578506863,0.25787965616045844,6.877558329922227
29954,High-Value Customers,A,34318.55865324387,0.9989805094860119,"Road-650 Black, 62","Road-650 Red, 58",0.057917643120187476,0.762114537444934,10.997275958202984
29954,High-Value Customers,A,34318.55865324387,0.9989805094860119,"Road-250 Red, 52","Road-550-W Yellow, 44",0.034147974556411116,0.56353591160221,10.32688201199878
29954,High-Value Customers,A,34318.55865324387,0.9989805094860119,"Road-250 Red, 52","Road-250 Black, 58",0.03347840642785403,0.5524861878453038,10.062660018865381
29967,High-Value Customers,A,19284.6978360281,0.9968169136548145,"LL Road Frame - Red, 62","Road-250 Red, 44",0.04954804151322397,0.5174825174825175,7.058083469042374
29967,High-Value Customers,A,19284.6978360281,0.9968169136548145,"Road-650 Black, 60","Road-250 Red, 48",0.06427854034147974,0.5052631578947369,7.05243482538121
29967,High-Value Customers,A,19284.6978360281,0.9968169136548145,"LL Road Frame - Red, 62",ML Road Front Wheel,0.04352192835621024,0.45454545454545453,6.998594189315839
29969,High-Value Customers,A,3321.879963221195,0.9957270914776865,"Road-450 Red, 58","Road-450 Red, 44",0.04352192835621024,0.6018518518518519,10.700782627865962
29969,High-Value Customers,A,3321.879963221195,0.9957270914776865,"Road-450 Red, 58","Road-150 Red, 56",0.04519584867760294,0.625,10.54731638418079
29969,High-Value Customers,A,3321.879963221195,0.9957270914776865,"Road-450 Red, 58","Road-450 Red, 60",0.04117843990626046,0.5694444444444444,10.371527777777777
29973,High-Value Customers,A,4157.998296301218,0.96252759902857,HL Road Front Wheel,"Road-250 Red, 48",0.05088717777033813,0.7450980392156863,10.400036650174089
29973,High-Value Customers,A,4157.998296301218,0.96252759902857,ML Road Front Wheel,"Road-250 Red, 52",0.04084365584198192,0.6288659793814434,10.378025858631887
29973,High-Value Customers,A,4157.998296301218,0.96252759902857,HL Road Front Wheel,"Road-250 Red, 44",0.05088717777033813,0.7450980392156863,10.162592891037695
29974,High-Value Customers,A,9749.283358634846,0.9949105014137801,"Women's Mountain Shorts, L",LL Mountain Pedal,0.0381653833277536,0.6298342541436464,13.935666052793124
29974,High-Value Customers,A,9749.283358634846,0.9949105014137801,"Women's Mountain Shorts, L","LL Mountain Frame - Black, 44",0.03481754268496819,0.574585635359116,13.40849447513812
29974,High-Value Customers,A,9749.283358634846,0.9949105014137801,"Women's Mountain Shorts, L","ML Mountain Frame-W - Silver, 42",0.03347840642785403,0.5524861878453038,12.9943011267238
29988,High-Value Customers,A,2848.1815840126856,0.9291411703472434,"HL Road Frame - Red, 44","HL Road Frame - Black, 44",0.04921325744894543,0.7461928934010154,12.382656514382406
29988,High-Value Customers,A,2848.1815840126856,0.9291411703472434,"Road-250 Red, 48","Road-250 Red, 44",0.060595915634415805,0.8457943925233645,11.53601758204242
29988,High-Value Customers,A,2848.1815840126856,0.9291411703472434,"Road-650 Black, 62","Road-650 Red, 58",0.057917643120187476,0.762114537444934,10.997275958202984
29998,High-Value Customers,A,67709.41491027169,0.9988339484939839,"Road-650 Black, 62","Road-650 Red, 58",0.057917643120187476,0.762114537444934,10.997275958202984
29998,High-Value Customers,A,67709.41491027169,0.9988339484939839,"Road-650 Black, 62","Road-650 Black, 48",0.062269835955808504,0.8193832599118943,10.54955947136564
29998,High-Value Customers,A,67709.41491027169,0.9988339484939839,"Road-250 Red, 52","Road-550-W Yellow, 44",0.034147974556411116,0.56353591160221,10.32688201199878
30004,High-Value Customers,A,14132.43607102283,0.9968676183466457,"Women's Mountain Shorts, M","LL Mountain Frame - Silver, 42",0.03481754268496819,0.553191489361702,14.003245582401728
30004,High-Value Customers,A,14132.43607102283,0.9968676183466457,"Women's Mountain Shorts, M","Mountain-500 Silver, 42",0.031134917977904252,0.49468085106382975,13.556070661721646
30004,High-Value Customers,A,14132.43607102283,0.9968676183466457,"Women's Mountain Shorts, M","Mountain-500 Silver, 40",0.032808838299296955,0.5212765957446809,13.539592969472713
30012,High-Value Customers,A,1597.6834875058314,0.9813182820127289,ML Road Front Wheel,HL Road Front Wheel,0.055239370605959154,0.8505154639175259,12.453380836870831
30012,High-Value Customers,A,1597.6834875058314,0.9813182820127289,"Road-450 Red, 58","Road-450 Red, 44",0.04352192835621024,0.6018518518518519,10.700782627865962
30012,High-Value Customers,A,1597.6834875058314,0.9813182820127289,"Road-450 Red, 58","Road-150 Red, 56",0.04519584867760294,0.625,10.54731638418079
30013,Bike Buyers,A,2145.535347448128,0.9994673496599065,AWC Logo Cap,Water Bottle - 30 oz.,0.015097945532728141,0.2936802973977695,2.9214489660338954
30017,High-Value Customers,A,2685.52235570778,0.9975028391407532,LL Mountain Front Wheel,HL Fork,0.03548711081352528,0.4588744588744589,11.715025715025714
30017,High-Value Customers,A,2685.52235570778,0.9975028391407532,LL Mountain Front Wheel,ML Headset,0.03247405423501841,0.41991341991341985,11.402558048012592
30017,High-Value Customers,A,2685.52235570778,0.9975028391407532,LL Mountain Front Wheel,"ML Mountain Frame - Black, 44",0.057917643120187476,0.7489177489177489,11.298067252612707
30028,High-Value Customers,A,2159.1102504970327,0.9969836147438761,LL Mountain Rear Wheel,ML Mountain Front Wheel,0.033143622363575494,0.673469387755102,17.64607948442535
30028,High-Value Customers,A,2159.1102504970327,0.9969836147438761,LL Mountain Front Wheel,HL Fork,0.03548711081352528,0.4588744588744589,11.715025715025714
30028,High-Value Customers,A,2159.1102504970327,0.9969836147438761,LL Mountain Front Wheel,ML Headset,0.03247405423501841,0.41991341991341985,11.402558048012592
30044,High-Value Customers,A,26077.210771982383,0.9989492972738627,LL Mountain Rear Wheel,ML Mountain Front Wheel,0.033143622363575494,0.673469387755102,17.64607948442535
30044,High-Value Customers,A,26077.210771982383,0.9989492972738627,LL Mountain Rear Wheel,HL Mountain Handlebars,0.031134917977904252,0.6326530612244897,10.326419092227054
30044,High-Value Customers,A,26077.210771982383,0.9989492972738627,"Mountain-200 Black, 46","LL Mountain Frame - Silver, 42",0.03347840642785403,0.28653295128939826,7.253168860181632
30045,High-Value Customers,A,27171.119317842902,0.998837732130226,"Mountain-200 Black, 46","LL Mountain Frame - Silver, 42",0.03347840642785403,0.28653295128939826,7.253168860181632
30045,High-Value Customers,A,27171.119317842902,0.998837732130226,"Mountain-200 Black, 46","LL Mountain Frame - Black, 44",0.03515232674924674,0.3008595988538682,7.020840795128939
30045,High-Value Customers,A,27171.119317842902,0.998837732130226,"Mountain-200 Black, 46","Mountain-500 Silver, 48",0.03013056578506863,0.25787965616045844,6.877558329922227
30056,High-Value Customers,A,18102.949853569284,0.9910017350726996,"HL Mountain Frame - Black, 38",HL Headset,0.03213927017073987,0.3983402489626556,10.816748396831384
30056,High-Value Customers,A,18102.949853569284,0.9910017350726996,"HL Mountain Frame - Black, 38",ML Headset,0.03180448610646133,0.3941908713692946,10.70407393436439
30056,High-Value Customers,A,18102.949853569284,0.9910017350726996,"HL Mountain Frame - Black, 38",HL Fork,0.03381319049213258,0.41908713692946065,10.699258786395717
30074,High-Value Customers,A,59802.81681953774,0.9876257010552238,"Men's Bib-Shorts, L","Women's Tights, M",0.03548711081352528,0.5955056179775281,15.603291937709443
30074,High-Value Customers,A,59802.81681953774,0.9876257010552238,"Men's Bib-Shorts, L","Men's Sports Shorts, L",0.03783059926347506,0.6348314606741573,14.58647363872083
30074,High-Value Customers,A,59802.81681953774,0.9876257010552238,"Men's Bib-Shorts, L","Men's Sports Shorts, S",0.04519584867760294,0.7584269662921348,14.158883426966291
30083,High-Value Customers,A,38169.960379213844,0.9967654676078125,"Men's Bib-Shorts, L","Women's Tights, M",0.03548711081352528,0.5955056179775281,15.603291937709443
30083,High-Value Customers,A,38169.960379213844,0.9967654676078125,"Men's Bib-Shorts, L","Men's Sports Shorts, L",0.03783059926347506,0.6348314606741573,14.58647363872083
30083,High-Value Customers,A,38169.960379213844,0.9967654676078125,"Men's Bib-Shorts, L","Men's Sports Shorts, S",0.04519584867760294,0.7584269662921348,14.158883426966291
30088,High-Value Customers,A,9587.39964946552,0.9943963058191311,"HL Mountain Frame - Silver, 38",ML Headset,0.03381319049213258,0.24574209245742093,6.673014819730148
30088,High-Value Customers,A,9587.39964946552,0.9943963058191311,"HL Mountain Frame - Silver, 38",HL Fork,0.034482758620689655,0.2506082725060827,6.398007777569821
30088,High-Value Customers,A,9587.39964946552,0.9943963058191311,"HL Mountain Frame - Black, 42",LL Mountain Handlebars,0.06528289253431536,0.48148148148148145,6.335617555881873
30090,High-Value Customers,A,11006.209186568927,0.9980617772893445,"Road-650 Red, 58","Road-250 Red, 52",0.038834951456310676,0.5603864734299516,9.247924840526329
30090,High-Value Customers,A,11006.209186568927,0.9980617772893445,"Road-650 Red, 58","Road-550-W Yellow, 44",0.033143622363575494,0.47826086956521735,8.764203787676713
30090,High-Value Customers,A,11006.209186568927,0.9980617772893445,"Road-650 Red, 58","Road-250 Red, 58",0.034147974556411116,0.49275362318840576,8.607339605051274
30100,High-Value Customers,A,11348.48589272512,0.9982945571280135,"Road-650 Red, 58","Road-250 Red, 52",0.038834951456310676,0.5603864734299516,9.247924840526329
30100,High-Value Customers,A,11348.48589272512,0.9982945571280135,"Road-650 Red, 58","Road-550-W Yellow, 44",0.033143622363575494,0.47826086956521735,8.764203787676713
30100,High-Value Customers,A,11348.48589272512,0.9982945571280135,"Road-650 Red, 58","Road-250 Red, 58",0.034147974556411116,0.49275362318840576,8.607339605051274
30106,High-Value Customers,A,13550.605961129286,0.9889909473702149,"Men's Sports Shorts, L","Women's Tights, M",0.03682624707063944,0.8461538461538461,22.170715249662617
30106,High-Value Customers,A,13550.605961129286,0.9889909473702149,"Men's Sports Shorts, L","Men's Sports Shorts, S",0.03783059926347506,0.8692307692307693,16.227451923076924
30106,High-Value Customers,A,13550.605961129286,0.9889909473702149,"Men's Sports Shorts, L","Men's Bib-Shorts, L",0.03783059926347506,0.8692307692307693,14.586473638720829
30108,High-Value Customers,A,26586.17007401537,0.9970256327357381,ML Mountain Front Wheel,LL Mountain Rear Wheel,0.033143622363575494,0.868421052631579,17.64607948442535
30108,High-Value Customers,A,26586.17007401537,0.9970256327357381,ML Mountain Front Wheel,HL Mountain Handlebars,0.03046534984934717,0.7982456140350878,13.029287700124629
30108,High-Value Customers,A,26586.17007401537,0.9970256327357381,"Men's Bib-Shorts, S","Women's Tights, M",0.03515232674924674,0.4565217391304348,11.9616704805492
30111,High-Value Customers,A,35534.29247459129,0.9989029280733859,"HL Mountain Frame - Silver, 38",ML Headset,0.03381319049213258,0.24574209245742093,6.673014819730148
30111,High-Value Customers,A,35534.29247459129,0.9989029280733859,"HL Mountain Frame - Silver, 38",HL Fork,0.034482758620689655,0.2506082725060827,6.398007777569821
30111,High-Value Customers,A,35534.29247459129,0.9989029280733859,"HL Mountain Frame - Black, 42",LL Mountain Handlebars,0.06528289253431536,0.48148148148148145,6.335617555881873
